"","key","Year","Player","Age","Team","Pos","G","GS","MP","FG","FGA","FG.","X3P","X3PA","X3P.","X2P","X2PA","X2P.","eFG.","FT","FTA","FT.","ORB","DRB","TRB","AST","STL","BLK","TOV","PF","PTS","Trp.Dbl","Awards","Playoffs"
"1","jordami01",1998,"Michael Jordan",34,"CHI","SG",82,82,3181,881,1893,0.465,30,126,0.238,851,1767,0.482,0.473,565,721,0.784,130,345,475,283,141,45,185,151,2357,0,"MVP-1,DPOY-4,AS,NBA1,DEF1",0
"2","malonka01",1998,"Karl Malone",34,"UTA","PF",81,81,3030,780,1472,0.53,2,6,0.333,778,1466,0.531,0.531,628,825,0.761,189,645,834,316,96,70,247,237,2190,0,"MVP-2,AS,NBA1,DEF1",0
"3","walkean02",1998,"Antoine Walker",21,"BOS","PF",82,82,3268,722,1705,0.423,91,292,0.312,631,1413,0.447,0.45,305,473,0.645,270,566,836,273,142,60,292,262,1840,1,"MVP-12,AS",0
"4","abdursh01",1998,"Shareef Abdur-Rahim",21,"VAN","SF",82,82,2950,653,1347,0.485,21,51,0.412,632,1296,0.488,0.493,502,640,0.784,227,354,581,213,89,76,257,201,1829,0,"",0
"5","ricegl01",1998,"Glen Rice",30,"CHH","SF",82,82,3295,634,1386,0.457,130,300,0.433,504,1086,0.464,0.504,428,504,0.849,89,264,353,182,77,22,182,200,1826,0,"MVP-11,AS,NBA3",0
"6","finlemi01",1998,"Michael Finley",24,"DAL","SF",82,82,3394,675,1505,0.449,87,244,0.357,588,1261,0.466,0.477,326,416,0.784,150,288,438,405,132,30,219,163,1763,1,"MVP-18",0
"7","iversal01",1998,"Allen Iverson",22,"PHI","PG",80,80,3150,649,1407,0.461,70,235,0.298,579,1172,0.494,0.486,390,535,0.729,86,210,296,494,176,25,244,200,1758,0,"",0
"8","duncati01",1998,"Tim Duncan",21,"SAS","PF",82,82,3204,706,1287,0.549,0,10,0,706,1277,0.553,0.549,319,482,0.662,274,703,977,224,55,206,279,254,1731,0,"MVP-5,ROY-1,DPOY-5,AS,NBA1,DEF2",0
"9","hillgr01",1998,"Grant Hill",25,"DET","SF",81,81,3294,615,1361,0.452,3,21,0.143,612,1340,0.457,0.453,479,647,0.74,93,530,623,551,143,53,285,196,1712,4,"MVP-9,AS,NBA2",0
"10","onealsh01",1998,"Shaquille O'Neal",25,"LAL","C",60,57,2175,670,1147,0.584,0,0,NA,670,1147,0.584,0.584,359,681,0.527,208,473,681,142,39,144,175,193,1699,0,"MVP-4,AS,NBA1",0
"11","richmmi01",1998,"Mitch Richmond",32,"SAC","SG",70,70,2569,543,1220,0.445,130,334,0.389,413,886,0.466,0.498,407,471,0.864,50,179,229,279,88,15,181,154,1623,0,"MVP-15,AS,NBA3",0
"12","allenra02",1998,"Ray Allen",22,"MIL","SG",82,82,3287,563,1315,0.428,134,368,0.364,429,947,0.453,0.479,342,391,0.875,127,278,405,356,111,12,263,244,1602,0,"",0
"13","millere01",1998,"Reggie Miller",32,"IND","SG",81,81,2795,516,1081,0.477,164,382,0.429,352,699,0.504,0.553,382,440,0.868,46,186,232,171,78,11,128,148,1578,0,"MVP-16,AS,NBA3",0
"14","bakervi01",1998,"Vin Baker",26,"SEA","C",82,82,2944,631,1164,0.542,1,7,0.143,630,1157,0.545,0.543,311,526,0.591,286,370,656,152,91,86,174,278,1574,0,"MVP-8,AS,NBA2",0
"15","robinda01",1998,"David Robinson",32,"SAS","C",73,73,2457,544,1065,0.511,1,4,0.25,543,1061,0.512,0.511,485,660,0.735,239,536,775,199,64,192,202,204,1574,0,"MVP-7,DPOY-3,AS,NBA2,DEF2",0
"16","paytoga01",1998,"Gary Payton",29,"SEA","PG",82,82,3145,579,1278,0.453,134,397,0.338,445,881,0.505,0.505,279,375,0.744,77,299,376,679,185,18,229,195,1571,1,"MVP-3,DPOY-2,AS,NBA1,DEF1",0
"17","webbech01",1998,"Chris Webber",24,"WAS","C",71,71,2809,647,1341,0.482,65,205,0.317,582,1136,0.512,0.507,196,333,0.589,176,498,674,273,111,124,185,269,1555,0,"",0
"18","hardati01",1998,"Tim Hardaway",31,"MIA","PG",81,81,3031,558,1296,0.431,155,442,0.351,403,854,0.472,0.49,257,329,0.781,48,251,299,672,136,16,224,200,1528,0,"MVP-6,AS,NBA2",0
"19","garneke01",1998,"Kevin Garnett",21,"MIN","PF",82,82,3222,635,1293,0.491,3,16,0.188,632,1277,0.495,0.492,245,332,0.738,222,564,786,348,139,150,192,224,1518,1,"DPOY-11,AS",0
"20","houstal01",1998,"Allan Houston",26,"NYK","SG",82,82,2848,571,1277,0.447,82,213,0.385,489,1064,0.46,0.479,285,335,0.851,43,231,274,212,63,24,200,207,1509,0,"",0
"21","cassesa01",1998,"Sam Cassell",28,"NJN","PG",75,72,2606,510,1156,0.441,15,80,0.188,495,1076,0.46,0.448,436,507,0.86,73,155,228,603,121,20,269,262,1471,0,"",0
"22","smithst01",1998,"Steve Smith",28,"ATL","SG",73,73,2857,489,1101,0.444,97,276,0.351,392,825,0.475,0.488,389,455,0.855,133,176,309,292,75,29,176,219,1464,0,"AS",0
"23","rideris01",1998,"Isaiah Rider",26,"POR","SG",74,66,2786,551,1302,0.423,135,420,0.321,416,882,0.472,0.475,221,267,0.828,99,247,346,231,55,19,187,188,1458,0,"",0
"24","marbust01",1998,"Stephon Marbury",20,"MIN","PG",82,81,3112,513,1237,0.415,95,304,0.313,418,933,0.448,0.453,329,450,0.731,58,172,230,704,104,7,256,222,1450,0,"",0
"25","kempsh01",1998,"Shawn Kemp",28,"CLE","PF",80,80,2769,518,1164,0.445,2,8,0.25,516,1156,0.446,0.446,404,556,0.727,219,526,745,197,108,90,271,310,1442,0,"AS",0
"26","willico02",1998,"Corliss Williamson",24,"SAC","SF",79,75,2819,561,1134,0.495,0,9,0,561,1125,0.499,0.495,279,443,0.63,162,284,446,230,76,48,199,252,1401,0,"",0
"27","jonesed02",1998,"Eddie Jones",26,"LAL","SG",80,80,2910,486,1005,0.484,143,368,0.389,343,637,0.538,0.555,234,306,0.765,85,217,302,246,160,55,146,164,1349,0,"AS,DEF2",0
"28","stricro02",1998,"Rod Strickland",31,"WAS","PG",76,76,3020,490,1130,0.434,12,48,0.25,478,1082,0.442,0.439,357,492,0.726,112,293,405,801,126,25,266,182,1349,3,"MVP-18,NBA2",0
"29","kittlke01",1998,"Kerry Kittles",23,"NJN","SG",77,76,2814,508,1154,0.44,110,263,0.418,398,891,0.447,0.488,202,250,0.808,132,230,362,176,132,37,106,152,1328,0,"",0
"30","robingl01",1998,"Glenn Robinson",25,"MIL","SF",56,56,2294,534,1136,0.47,25,65,0.385,509,1071,0.475,0.481,215,266,0.808,82,225,307,158,69,34,200,164,1308,0,"",0
"31","willike02",1998,"Kevin Willis",35,"HOU","PF",81,74,2528,531,1041,0.51,1,7,0.143,530,1034,0.513,0.511,242,305,0.793,232,447,679,78,55,38,170,235,1305,0,"",0
"32","chrisdo01",1998,"Doug Christie",27,"TOR","SG",78,78,2939,458,1071,0.428,100,307,0.326,358,764,0.469,0.474,271,327,0.829,94,310,404,282,190,57,228,198,1287,0,"",0
"33","drexlcl01",1998,"Clyde Drexler",35,"HOU","SG",70,70,2473,452,1059,0.427,106,334,0.317,346,725,0.477,0.477,277,346,0.801,105,241,346,382,126,42,189,193,1287,0,"",0
"34","delebi01",1998,"Bison Dele",28,"DET","C",78,78,2619,531,1040,0.511,1,3,0.333,530,1037,0.511,0.511,198,280,0.707,223,472,695,94,67,55,181,252,1261,0,"",0
"35","stackje01",1998,"Jerry Stackhouse",23,"2TM","SG",79,37,2545,424,975,0.435,47,195,0.241,377,780,0.483,0.459,354,450,0.787,105,161,266,241,89,59,224,175,1249,0,"6MOY-5",0
"36","jacksji01",1998,"Jim Jackson",27,"2TM","SG",79,78,3046,476,1107,0.43,61,191,0.319,415,916,0.453,0.458,229,282,0.812,130,270,400,381,79,8,263,186,1242,0,"",0
"37","murratr01",1998,"Tracy Murray",26,"WAS","SF",82,12,2227,449,1007,0.446,158,403,0.392,291,604,0.482,0.524,182,209,0.871,75,202,277,84,67,25,102,167,1238,0,"6MOY-6",0
"38","schrede01",1998,"Detlef Schrempf",35,"SEA","SF",78,78,2742,437,898,0.487,61,147,0.415,376,751,0.501,0.521,297,352,0.844,135,419,554,341,60,19,168,205,1232,0,"",0
"39","mcdyean01",1998,"Antonio McDyess",23,"PHO","PF",81,81,2441,497,927,0.536,0,2,0,497,925,0.537,0.536,231,329,0.702,206,407,613,106,100,135,142,292,1225,0,"",0
"40","stoudda01",1998,"Damon Stoudamire",24,"2TM","PG",71,71,2839,448,1091,0.411,91,304,0.299,357,787,0.454,0.452,238,287,0.829,87,211,298,580,113,7,223,150,1225,0,"",0
"41","mercero01",1998,"Ron Mercer",21,"BOS","SG",80,62,2662,515,1145,0.45,3,28,0.107,512,1117,0.458,0.451,188,224,0.839,109,171,280,176,125,17,132,213,1221,0,"",0
"42","bryanko01",1998,"Kobe Bryant",19,"LAL","SF",79,1,2056,391,913,0.428,75,220,0.341,316,693,0.456,0.469,363,457,0.794,79,163,242,199,74,40,157,180,1220,0,"6MOY-2,AS",0
"43","murrala01",1998,"Lamond Murray",24,"LAC","SF",79,65,2579,473,984,0.481,54,153,0.353,419,831,0.504,0.508,220,294,0.748,172,312,484,142,118,54,171,193,1220,0,"",0
"44","vanhoke01",1998,"Keith Van Horn",22,"NJN","PF",62,62,2325,446,1047,0.426,69,224,0.308,377,823,0.458,0.459,258,305,0.846,142,266,408,106,64,25,164,216,1219,0,"ROY-2",0
"45","smitsri01",1998,"Rik Smits",31,"IND","C",73,69,2085,514,1038,0.495,0,3,0,514,1035,0.497,0.495,188,240,0.783,127,378,505,101,40,88,134,243,1216,0,"MVP-16,AS",0
"46","reevebr01",1998,"Bryant Reeves",24,"VAN","C",74,74,2527,492,941,0.523,0,4,0,492,937,0.525,0.523,223,316,0.706,196,389,585,155,39,80,156,278,1207,0,"",0
"47","persowe01",1998,"Wesley Person",26,"CLE","SG",82,82,3198,440,957,0.46,192,447,0.43,248,510,0.486,0.56,132,170,0.776,65,298,363,188,129,49,110,108,1204,0,"",0
"48","howarju01",1998,"Juwan Howard",24,"WAS","PF",64,64,2559,463,991,0.467,0,2,0,463,989,0.468,0.467,258,358,0.721,161,288,449,208,82,23,185,225,1184,0,"",0
"49","sabonar01",1998,"Arvydas Sabonis",33,"POR","C",73,73,2333,407,826,0.493,30,115,0.261,377,711,0.53,0.511,323,405,0.798,149,580,729,218,65,80,190,267,1167,0,"",0
"50","smithjo02",1998,"Joe Smith",22,"2TM","PF",79,55,2344,464,1070,0.434,0,8,0,464,1062,0.437,0.434,227,293,0.775,199,272,471,94,62,51,158,263,1155,0,"",0
"51","rogerro01",1998,"Rodney Rogers",26,"LAC","SF",76,70,2499,426,935,0.456,72,212,0.34,354,723,0.49,0.494,225,328,0.686,155,269,424,202,93,38,193,242,1149,0,"",0
"52","wallajo01",1998,"John Wallace",23,"TOR","SF",82,36,2361,468,979,0.478,1,2,0.5,467,977,0.478,0.479,210,293,0.717,117,256,373,110,62,101,172,239,1147,0,"",0
"53","hornaje01",1998,"Jeff Hornacek",34,"UTA","SG",80,80,2460,399,828,0.482,56,127,0.441,343,701,0.489,0.516,285,322,0.885,65,205,270,349,109,15,132,175,1139,0,"",0
"54","ilgauzy01",1998,"Zydrunas Ilgauskas",22,"CLE","C",82,81,2379,454,876,0.518,1,4,0.25,453,872,0.519,0.519,230,302,0.762,279,444,723,71,52,135,146,288,1139,0,"",0
"55","robincl02",1998,"Clifford Robinson",31,"PHO","SF",80,64,2359,429,895,0.479,27,84,0.321,402,811,0.496,0.494,248,360,0.689,152,258,410,170,92,90,140,249,1133,0,"",0
"56","wallara01",1998,"Rasheed Wallace",23,"POR","PF",77,77,2896,466,875,0.533,8,39,0.205,458,836,0.548,0.537,184,278,0.662,132,346,478,195,75,88,167,268,1124,0,"",0
"57","marshdo01",1998,"Donyell Marshall",24,"GSW","SF",73,73,2611,451,1090,0.414,63,201,0.313,388,889,0.436,0.443,158,216,0.731,210,418,628,159,95,73,147,226,1123,0,"",0
"58","mournal01",1998,"Alonzo Mourning",27,"MIA","C",58,56,1939,403,732,0.551,0,0,NA,403,732,0.551,0.551,309,465,0.665,193,365,558,52,40,130,179,208,1115,0,"",0
"59","mutomdi01",1998,"Dikembe Mutombo",31,"ATL","C",82,82,2917,399,743,0.537,0,0,NA,399,743,0.537,0.537,303,452,0.67,276,656,932,82,34,277,168,254,1101,0,"DPOY-1,AS,NBA3,DEF1",0
"60","newmajo01",1998,"Johnny Newman",34,"DEN","SF",74,15,2176,344,799,0.431,36,105,0.343,308,694,0.444,0.453,365,445,0.82,50,91,141,138,77,24,147,208,1089,0,"",0
"61","gillke01",1998,"Kendall Gill",29,"NJN","SF",81,81,2733,418,974,0.429,26,101,0.257,392,873,0.449,0.443,225,327,0.688,112,279,391,200,156,64,124,268,1087,0,"DPOY-11",0
"62","johnsla02",1998,"Larry Johnson",28,"NYK","SF",70,70,2412,429,884,0.485,15,63,0.238,414,821,0.504,0.494,214,283,0.756,175,226,401,150,40,13,127,193,1087,0,"",0
"63","ellisla01",1998,"LaPhonso Ellis",27,"DEN","SF",76,71,2575,410,1007,0.407,57,201,0.284,353,806,0.438,0.435,206,256,0.805,146,398,544,213,65,49,173,226,1083,0,"",0
"64","chapmre01",1998,"Rex Chapman",30,"PHO","SG",68,67,2263,408,956,0.427,120,311,0.386,288,645,0.447,0.49,146,187,0.781,30,143,173,203,71,14,116,102,1082,0,"",0
"65","starkjo01",1998,"John Starks",32,"NYK","SG",82,10,2188,372,947,0.393,130,398,0.327,242,549,0.441,0.461,185,235,0.787,48,182,230,219,78,5,143,205,1059,0,"6MOY-4",0
"66","austiis01",1998,"Isaac Austin",28,"2TM","C",78,50,2266,406,871,0.466,0,8,0,406,863,0.47,0.466,243,363,0.669,199,358,557,175,61,56,206,231,1055,0,"",0
"67","wesleda01",1998,"David Wesley",27,"CHH","PG",81,81,2845,383,864,0.443,59,170,0.347,324,694,0.467,0.477,229,288,0.795,49,164,213,529,140,30,226,229,1054,0,"",0
"68","cheanca01",1998,"Calbert Cheaney",26,"WAS","SG",82,82,2841,448,981,0.457,15,53,0.283,433,928,0.467,0.464,139,215,0.647,82,242,324,173,96,36,104,264,1050,0,"",0
"69","colemde01",1998,"Derrick Coleman",30,"PHI","PF",59,58,2135,356,867,0.411,26,98,0.265,330,769,0.429,0.426,302,391,0.772,149,438,587,145,46,68,157,144,1040,0,"",0
"70","masonan01",1998,"Anthony Mason",31,"CHH","PF",81,80,3148,389,764,0.509,0,4,0,389,760,0.512,0.509,261,402,0.649,177,649,826,342,68,18,146,182,1039,0,"DPOY-9",0
"71","barklch01",1998,"Charles Barkley",34,"HOU","PF",68,41,2243,361,744,0.485,18,84,0.214,343,660,0.52,0.497,296,397,0.746,241,553,794,217,71,28,147,187,1036,1,"",0
"72","laettch01",1998,"Christian Laettner",28,"ATL","PF",74,49,2282,354,730,0.485,6,27,0.222,348,703,0.495,0.489,306,354,0.864,142,345,487,190,71,73,183,246,1020,0,"",0
"73","lenarvo01",1998,"Voshon Lenard",24,"MIA","SG",81,81,2621,363,854,0.425,153,378,0.405,210,476,0.441,0.515,141,179,0.788,72,220,292,180,58,16,99,219,1020,0,"",0
"74","mitchsa01",1998,"Sam Mitchell",34,"MIN","SF",81,33,2239,371,800,0.464,15,43,0.349,356,757,0.47,0.473,243,292,0.832,118,267,385,107,64,22,66,200,1000,0,"",0
"75","hendeal01",1998,"Alan Henderson",25,"ATL","PF",69,33,2000,365,753,0.485,3,6,0.5,362,747,0.485,0.487,253,388,0.652,200,242,442,73,42,36,110,175,986,0,"MIP-1",0
"76","kukocto01",1998,"Toni Kukoč",29,"CHI","SF",74,52,2235,383,841,0.455,63,174,0.362,320,667,0.48,0.493,155,219,0.708,121,206,327,314,76,37,154,149,984,0,"",0
"77","foxri01",1998,"Rick Fox",28,"LAL","SF",82,82,2709,363,771,0.471,86,265,0.325,277,506,0.547,0.527,171,230,0.743,78,280,358,276,100,48,201,309,983,0,"",0
"78","dampier01",1998,"Erick Dampier",22,"GSW","C",82,82,2656,352,791,0.445,0,2,0,352,789,0.446,0.445,267,399,0.669,272,443,715,94,39,139,175,281,971,0,"",0
"79","kiddja01",1998,"Jason Kidd",24,"PHO","PG",82,82,3118,357,859,0.416,73,233,0.313,284,626,0.454,0.458,167,209,0.799,108,402,510,745,162,26,261,142,954,4,"MVP-13,AS",0
"80","mannida01",1998,"Danny Manning",31,"PHO","PF",70,11,1794,390,756,0.516,0,7,0,390,749,0.521,0.516,167,226,0.739,110,282,392,139,71,46,100,201,947,0,"6MOY-1",0
"81","dumarjo01",1998,"Joe Dumars",34,"DET","SG",72,72,2326,329,791,0.416,158,426,0.371,171,365,0.468,0.516,127,154,0.825,14,90,104,253,44,2,84,99,943,0,"",0
"82","ellisda01",1998,"Dale Ellis",37,"SEA","SF",79,0,1939,348,700,0.497,127,274,0.464,221,426,0.519,0.588,111,142,0.782,51,133,184,89,60,5,74,128,934,0,"6MOY-3",0
"83","mullich01",1998,"Chris Mullin",34,"IND","SF",82,82,2177,333,692,0.481,107,243,0.44,226,449,0.503,0.559,154,164,0.939,38,211,249,186,95,39,117,186,927,0,"",0
"84","blaylmo01",1998,"Mookie Blaylock",30,"ATL","PG",70,69,2700,368,938,0.392,90,334,0.269,278,604,0.46,0.44,95,134,0.709,81,260,341,469,183,21,176,122,921,2,"DPOY-5,DEF2",0
"85","gilliar01",1998,"Armen Gilliam",33,"MIL","PF",82,25,2114,327,676,0.484,0,4,0,327,672,0.487,0.484,267,333,0.802,146,293,439,104,65,37,148,177,921,0,"",0
"86","grantho01",1998,"Horace Grant",32,"ORL","C",76,76,2803,393,857,0.459,0,7,0,393,850,0.462,0.459,135,199,0.678,228,390,618,172,81,79,88,180,921,0,"DPOY-11",0
"87","davishu01",1998,"Hubert Davis",27,"DAL","SG",81,30,2378,350,767,0.456,101,230,0.439,249,537,0.464,0.522,97,116,0.836,34,135,169,157,43,5,88,117,898,0,"",0
"88","billuch01",1998,"Chauncey Billups",21,"2TM","PG",80,70,2216,280,749,0.374,107,325,0.329,173,424,0.408,0.445,226,266,0.85,62,128,190,314,107,4,174,172,893,0,"",0
"89","anderni01",1998,"Nick Anderson",30,"ORL","SF",58,44,1701,343,754,0.455,77,214,0.36,266,540,0.493,0.506,127,199,0.638,98,199,297,119,72,23,85,98,890,0,"",0
"90","scottde01",1998,"Dennis Scott",29,"2TM","SF",81,45,2290,329,828,0.397,125,342,0.365,204,486,0.42,0.473,105,130,0.808,47,200,247,153,53,39,104,152,888,0,"",0
"91","geigema01",1998,"Matt Geiger",28,"CHH","C",78,42,1839,358,709,0.505,1,11,0.091,357,698,0.511,0.506,168,236,0.712,196,325,521,78,68,87,111,191,885,0,"",0
"92","vanexni01",1998,"Nick Van Exel",26,"LAL","PG",64,46,2053,311,743,0.419,123,316,0.389,188,427,0.44,0.501,136,172,0.791,31,163,194,442,64,6,104,120,881,0,"AS",0
"93","edwarbl01",1998,"Blue Edwards",32,"VAN","SG",81,20,1968,326,742,0.439,40,120,0.333,286,622,0.46,0.466,180,215,0.837,61,156,217,201,86,27,134,183,872,0,"",0
"94","hawkihe01",1998,"Hersey Hawkins",31,"SEA","SG",82,82,2597,280,636,0.44,125,301,0.415,155,335,0.463,0.539,177,204,0.868,71,263,334,221,148,17,102,153,862,0,"",0
"95","hunteli01",1998,"Lindsey Hunter",27,"DET","PG",71,67,2505,316,826,0.383,85,265,0.321,231,561,0.412,0.434,145,196,0.74,61,186,247,224,123,10,110,174,862,0,"",0
"96","thomati01",1998,"Tim Thomas",20,"PHI","SF",77,48,1779,306,684,0.447,62,171,0.363,244,513,0.476,0.493,171,231,0.74,107,181,288,90,54,17,118,185,845,0,"",0
"97","brandte01",1998,"Terrell Brandon",27,"MIL","PG",50,48,1784,339,731,0.464,31,93,0.333,308,638,0.483,0.485,132,156,0.846,23,153,176,387,111,17,145,120,841,0,"",0
"98","martida01",1998,"Darrick Martin",26,"LAC","PG",82,63,2299,275,730,0.377,107,293,0.365,168,437,0.384,0.45,184,217,0.848,19,145,164,331,82,10,154,198,841,0,"",0
"99","pippesc01",1998,"Scottie Pippen",32,"CHI","SF",44,44,1652,315,704,0.447,61,192,0.318,254,512,0.496,0.491,150,193,0.777,53,174,227,254,79,43,109,116,841,0,"MVP-10,DPOY-9,NBA3,DEF1",0
"100","willija01",1998,"Jayson Williams",29,"NJN","C",65,65,2343,321,645,0.498,0,4,0,321,641,0.501,0.498,195,293,0.666,443,440,883,67,45,49,95,236,837,0,"AS",0
"101","hendece02",1998,"Cedric Henderson",22,"CLE","SF",82,71,2527,348,725,0.48,0,4,0,348,721,0.483,0.48,136,190,0.716,71,254,325,168,96,45,165,238,832,0,"",0
"102","guglito01",1998,"Tom Gugliotta",28,"MIN","SF",41,41,1582,319,635,0.502,2,17,0.118,317,618,0.513,0.504,183,223,0.821,106,250,356,167,61,22,109,102,823,0,"",0
"103","owensbi01",1998,"Billy Owens",28,"SAC","SF",78,78,2348,338,728,0.464,26,70,0.371,312,658,0.474,0.482,116,197,0.589,170,412,582,219,93,38,153,231,818,0,"",0
"104","campbel01",1998,"Elden Campbell",29,"LAL","PF",81,28,1784,289,624,0.463,1,2,0.5,288,622,0.463,0.464,237,342,0.693,143,312,455,78,35,102,115,209,816,0,"",0
"105","fortsda01",1998,"Danny Fortson",21,"DEN","PF",80,23,1811,276,611,0.452,1,3,0.333,275,608,0.452,0.453,263,339,0.776,182,266,448,76,44,30,157,314,816,0,"",0
"106","tayloma01",1998,"Maurice Taylor",21,"LAC","PF",71,3,1513,321,675,0.476,0,1,0,321,674,0.476,0.476,173,244,0.709,118,178,296,53,34,40,107,222,815,0,"",0
"107","ratlith01",1998,"Theo Ratliff",24,"2TM","C",82,67,2447,306,597,0.513,0,0,NA,306,597,0.513,0.513,197,281,0.701,221,326,547,57,50,258,116,292,809,0,"",0
"108","corbity01",1998,"Tyrone Corbin",35,"ATL","SF",79,79,2699,328,747,0.439,49,141,0.348,279,606,0.46,0.472,101,128,0.789,78,284,362,173,105,7,86,197,806,0,"",0
"109","jacksbo01",1998,"Bobby Jackson",24,"DEN","PG",68,53,2042,310,791,0.392,21,81,0.259,289,710,0.407,0.405,149,183,0.814,78,224,302,317,105,11,184,160,790,0,"",0
"110","mccarwa01",1998,"Walter McCarty",23,"BOS","SF",82,64,2340,295,730,0.404,54,175,0.309,241,555,0.434,0.441,144,194,0.742,141,223,364,177,110,44,141,274,788,0,"",0
"111","davisan01",1998,"Antonio Davis",29,"IND","PF",82,12,2191,254,528,0.481,0,3,0,254,525,0.484,0.481,277,398,0.696,192,368,560,61,45,72,103,234,785,0,"",0
"112","barroda01",1998,"Dana Barros",30,"BOS","PG",80,15,1686,281,609,0.461,100,246,0.407,181,363,0.499,0.544,122,144,0.847,28,125,153,286,83,6,107,124,784,0,"",0
"113","outlabo01",1998,"Bo Outlaw",26,"ORL","PF",82,76,2953,301,543,0.554,1,4,0.25,300,539,0.557,0.555,180,313,0.575,255,382,637,216,107,181,175,260,783,1,"DPOY-5",0
"114","delkto01",1998,"Tony Delk",24,"2TM","PG",77,9,1681,314,798,0.393,42,157,0.268,272,641,0.424,0.42,111,151,0.735,38,134,172,172,73,12,109,96,781,0,"",0
"115","portete01",1998,"Terry Porter",34,"MIN","PG",82,8,1786,259,577,0.449,92,233,0.395,167,344,0.485,0.529,167,195,0.856,37,131,168,271,63,16,104,103,777,0,"",0
"116","millsch01",1998,"Chris Mills",28,"NYK","SF",80,29,2183,292,675,0.433,40,137,0.292,252,538,0.468,0.462,152,189,0.804,120,288,408,133,45,30,107,218,776,0,"",0
"117","olajuha01",1998,"Hakeem Olajuwon",35,"HOU","C",47,45,1633,306,633,0.483,0,3,0,306,630,0.486,0.483,160,212,0.755,116,344,460,143,84,96,126,152,772,0,"",0
"118","roseja01",1998,"Jalen Rose",25,"IND","SF",82,0,1706,290,607,0.478,25,73,0.342,265,534,0.496,0.498,166,228,0.728,28,167,195,155,56,14,132,171,771,0,"",0
"119","anderde01",1998,"Derek Anderson",23,"CLE","SF",66,13,1839,239,586,0.408,17,84,0.202,222,502,0.442,0.422,275,315,0.873,55,132,187,227,86,13,128,136,770,0,"",0
"120","stockjo01",1998,"John Stockton",35,"UTA","PG",64,64,1858,270,511,0.528,39,91,0.429,231,420,0.55,0.567,191,231,0.827,35,131,166,543,89,10,161,138,770,0,"MVP-13",0
"121","johnsav01",1998,"Avery Johnson",32,"SAS","PG",75,73,2674,321,671,0.478,2,13,0.154,319,658,0.485,0.48,122,168,0.726,30,120,150,591,84,18,165,140,766,0,"",0
"122","cambyma01",1998,"Marcus Camby",23,"TOR","C",63,58,2002,308,747,0.412,0,2,0,308,745,0.413,0.412,149,244,0.611,203,263,466,111,68,230,134,200,765,2,"",0
"123","harpero01",1998,"Ron Harper",34,"CHI","PG",82,82,2284,293,665,0.441,16,84,0.19,277,581,0.477,0.453,162,216,0.75,107,183,290,241,108,48,91,181,764,0,"",0
"124","piatker01",1998,"Eric Piatkowski",27,"LAC","SG",67,35,1740,257,568,0.452,106,259,0.409,151,309,0.489,0.546,140,170,0.824,70,166,236,85,51,12,80,137,760,0,"",0
"125","thorpot01",1998,"Otis Thorpe",35,"2TM","PF",74,66,2197,294,624,0.471,0,5,0,294,619,0.475,0.471,164,240,0.683,151,386,537,222,48,30,152,238,752,0,"",0
"126","goldwan01",1998,"Anthony Goldwire",26,"DEN","PG",82,32,2212,269,636,0.423,63,164,0.384,206,472,0.436,0.472,150,186,0.806,40,107,147,277,86,7,85,149,751,0,"",0
"127","seikaro01",1998,"Rony Seikaly",32,"2TM","C",56,49,1636,250,579,0.432,0,2,0,250,577,0.433,0.432,246,332,0.741,146,247,393,77,28,43,146,164,746,0,"",0
"128","anderke01",1998,"Kenny Anderson",27,"2TM","PG",61,56,1858,268,674,0.398,57,160,0.356,211,514,0.411,0.44,153,194,0.789,39,134,173,345,87,1,143,135,746,0,"",0
"129","russebr01",1998,"Bryon Russell",27,"UTA","SF",82,7,2219,226,525,0.43,73,214,0.341,153,311,0.492,0.5,213,278,0.766,78,248,326,101,90,31,81,229,738,0,"",0
"130","grantbr01",1998,"Brian Grant",25,"POR","SF",61,49,1921,283,557,0.508,0,1,0,283,556,0.509,0.508,171,228,0.75,197,358,555,86,44,45,110,184,737,0,"",0
"131","stronde01",1998,"Derek Strong",29,"ORL","PF",58,8,1638,259,617,0.42,0,4,0,259,613,0.423,0.42,218,279,0.781,152,275,427,51,31,24,74,122,736,0,"",0
"132","weathcl01",1998,"Clarence Weatherspoon",27,"2TM","PF",79,49,2325,268,608,0.441,0,0,NA,268,608,0.441,0.441,200,277,0.722,198,396,594,89,85,74,119,194,736,0,"",0
"133","bradlsh01",1998,"Shawn Bradley",25,"DAL","C",64,46,1822,300,711,0.422,1,3,0.333,299,708,0.422,0.423,130,180,0.722,164,354,518,60,51,214,96,214,731,1,"",0
"134","knighbr01",1998,"Brevin Knight",22,"CLE","PG",80,76,2483,261,592,0.441,0,7,0,261,585,0.446,0.441,201,251,0.801,67,186,253,656,196,18,194,271,723,0,"DPOY-11",0
"135","mashbja01",1998,"Jamal Mashburn",25,"MIA","SF",48,48,1729,251,577,0.435,37,122,0.303,214,455,0.47,0.467,184,231,0.797,72,164,236,132,43,14,108,137,723,0,"",0
"136","jacksja01",1998,"Jaren Jackson",30,"SAS","SG",82,45,2226,258,654,0.394,112,297,0.377,146,357,0.409,0.48,94,118,0.797,55,155,210,156,60,8,104,222,722,0,"",0
"137","reevekh01",1998,"Khalid Reeves",25,"DAL","PG",82,54,1950,248,593,0.418,56,152,0.368,192,441,0.435,0.465,165,213,0.775,54,131,185,230,80,10,130,195,717,0,"",0
"138","oaklech01",1998,"Charles Oakley",34,"NYK","PF",79,79,2734,307,698,0.44,0,6,0,307,692,0.444,0.44,97,114,0.851,218,506,724,201,123,22,126,280,711,0,"DEF2",0
"139","brownpj01",1998,"P.J. Brown",28,"MIA","PF",74,74,2362,278,590,0.471,0,0,NA,278,590,0.471,0.471,151,197,0.766,235,400,635,103,66,98,97,264,707,0,"",0
"140","nashst01",1998,"Steve Nash",23,"PHO","PG",76,9,1664,268,584,0.459,81,195,0.415,187,389,0.481,0.528,74,86,0.86,32,128,160,262,63,4,98,145,691,0,"",0
"141","andersh01",1998,"Shandon Anderson",24,"UTA","SG",82,2,1602,269,500,0.538,7,32,0.219,262,468,0.56,0.545,136,185,0.735,86,141,227,89,66,18,91,145,681,0,"",0
"142","jacksma01",1998,"Mark Jackson",32,"IND","PG",82,82,2413,249,598,0.416,43,137,0.314,206,461,0.447,0.452,137,180,0.761,67,255,322,713,84,2,174,132,678,0,"",0
"143","malonma01",1998,"Matt Maloney",26,"HOU","PG",78,78,2217,239,586,0.408,126,346,0.364,113,240,0.471,0.515,65,78,0.833,16,126,142,219,62,5,107,99,669,0,"",0
"144","divacvl01",1998,"Vlade Divac",29,"CHH","C",64,41,1805,267,536,0.498,3,14,0.214,264,522,0.506,0.501,130,188,0.691,183,335,518,172,83,94,114,179,667,0,"",0
"145","longllu01",1998,"Luc Longley",29,"CHI","C",58,58,1703,277,609,0.455,0,0,NA,277,609,0.455,0.455,109,148,0.736,113,228,341,161,34,62,130,206,663,0,"",0
"146","brownde01",1998,"Dee Brown",29,"2TM","SG",72,12,1719,246,562,0.438,108,271,0.399,138,291,0.474,0.534,58,71,0.817,24,128,152,154,82,23,73,123,658,0,"",0
"147","gatlich01",1998,"Chris Gatling",30,"NJN","PF",57,16,1359,248,545,0.455,1,4,0.25,247,541,0.457,0.456,159,265,0.6,118,216,334,53,52,29,99,152,656,0,"",0
"148","johnser02",1998,"Ervin Johnson",30,"MIL","C",81,81,2261,253,471,0.537,0,0,NA,253,471,0.537,0.537,143,238,0.601,242,443,685,59,79,158,117,321,649,0,"",0
"149","phillbo01",1998,"Bobby Phills",28,"CHH","SG",62,61,1887,246,552,0.446,44,114,0.386,202,438,0.461,0.486,106,140,0.757,59,157,216,187,81,18,108,181,642,0,"",0
"150","wardch01",1998,"Charlie Ward",27,"NYK","PG",82,82,2317,235,516,0.455,81,215,0.377,154,301,0.512,0.534,91,113,0.805,32,242,274,466,144,37,175,195,642,0,"",0
"151","douglsh01",1998,"Sherman Douglas",31,"NJN","PG",80,11,1699,255,515,0.495,14,46,0.304,241,469,0.514,0.509,115,172,0.669,52,83,135,319,55,7,110,156,639,0,"",0
"152","eisleho01",1998,"Howard Eisley",25,"UTA","PG",82,18,1726,229,519,0.441,48,118,0.407,181,401,0.451,0.487,127,149,0.852,25,141,166,346,54,13,160,182,633,0,"",0
"153","johnsed03",1998,"Eddie Johnson",38,"HOU","SF",75,1,1490,227,544,0.417,66,198,0.333,161,346,0.465,0.478,113,136,0.831,50,103,153,88,32,3,62,89,633,0,"",0
"154","barrybr01",1998,"Brent Barry",26,"2TM","SG",58,36,1600,213,506,0.421,90,229,0.393,123,277,0.444,0.51,115,134,0.858,29,142,171,153,64,27,104,118,631,0,"",0
"155","trentga01",1998,"Gary Trent",23,"2TM","PF",54,20,1360,241,505,0.477,4,12,0.333,237,493,0.481,0.481,144,212,0.679,123,215,338,72,35,27,94,161,630,0,"",0
"156","davisda01",1998,"Dale Davis",28,"IND","C",78,78,2174,273,498,0.548,0,0,NA,273,498,0.548,0.548,80,172,0.465,233,378,611,70,51,87,73,209,626,0,"",0
"157","slatere01",1998,"Reggie Slater",27,"TOR","PF",78,28,1662,211,459,0.46,0,0,NA,211,459,0.46,0.46,203,322,0.63,134,171,305,74,45,30,102,201,625,0,"",0
"158","wrighlo02",1998,"Lorenzen Wright",22,"LAC","C",69,38,2067,241,542,0.445,0,2,0,241,540,0.446,0.445,141,214,0.659,180,426,606,55,55,87,81,237,623,0,"",0
"159","keefead01",1998,"Adam Keefe",27,"UTA","C",80,75,2047,229,424,0.54,0,0,NA,229,424,0.54,0.54,162,200,0.81,179,259,438,89,52,24,71,172,620,0,"",0
"160","lynchge01",1998,"George Lynch",27,"VAN","SF",82,0,1493,248,516,0.481,9,30,0.3,239,486,0.492,0.489,111,158,0.703,147,215,362,122,65,41,104,161,616,0,"",0
"161","macksa01",1998,"Sam Mack",27,"VAN","SF",57,54,1414,222,559,0.397,110,269,0.409,112,290,0.386,0.496,62,77,0.805,30,103,133,101,41,11,69,117,616,0,"",0
"162","eliema01",1998,"Mario Elie",34,"HOU","SF",73,59,1988,206,456,0.452,55,189,0.291,151,267,0.566,0.512,145,174,0.833,39,117,156,221,81,8,100,115,612,0,"",0
"163","williwa02",1998,"Walt Williams",27,"2TM","SF",59,17,1470,210,544,0.386,80,219,0.365,130,325,0.4,0.46,108,125,0.864,50,150,200,122,59,35,92,161,608,0,"",0
"164","greenac01",1998,"A.C. Green",34,"DAL","PF",82,68,2649,242,534,0.453,0,4,0,242,530,0.457,0.453,116,162,0.716,219,449,668,123,78,27,68,157,600,0,"",0
"165","garrede01",1998,"Dean Garrett",31,"DEN","C",82,82,2632,242,565,0.428,0,0,NA,242,565,0.428,0.428,114,176,0.648,227,417,644,90,57,133,84,197,598,0,"",0
"166","pricema01",1998,"Mark Price",33,"ORL","PG",63,33,1430,229,531,0.431,52,155,0.335,177,376,0.471,0.48,87,103,0.845,24,105,129,297,53,5,162,92,597,0,"",0
"167","perryel01",1998,"Elliot Perry",28,"MIL","PG",81,33,1752,241,561,0.43,17,50,0.34,224,511,0.438,0.445,92,109,0.844,21,87,108,230,90,2,128,129,591,0,"",0
"168","sealyma01",1998,"Malik Sealy",27,"DET","SF",77,10,1641,216,505,0.428,9,41,0.22,207,464,0.446,0.437,150,182,0.824,48,171,219,100,65,20,79,156,591,0,"",0
"169","caffeja01",1998,"Jason Caffey",24,"2TM","PF",80,14,1423,226,466,0.485,0,2,0,226,464,0.487,0.485,131,200,0.655,160,184,344,67,25,20,105,181,583,0,"",0
"170","perkisa01",1998,"Sam Perkins",36,"SEA","PF",81,0,1675,196,471,0.416,87,222,0.392,109,249,0.438,0.508,101,128,0.789,53,202,255,113,62,29,62,158,580,0,"",0
"171","daniean01",1998,"Antonio Daniels",22,"VAN","SG",74,50,1956,228,548,0.416,11,52,0.212,217,496,0.438,0.426,112,170,0.659,22,121,143,334,55,10,164,88,579,0,"",0
"172","johnsan02",1998,"Anthony Johnson",23,"SAC","PG",77,62,2266,226,609,0.371,42,128,0.328,184,481,0.383,0.406,80,110,0.727,51,120,171,329,64,6,120,188,574,0,"",0
"173","hillty01",1998,"Tyrone Hill",29,"MIL","PF",57,56,2064,208,418,0.498,0,1,0,208,417,0.499,0.498,155,255,0.608,212,396,608,88,67,30,106,230,571,0,"",0
"174","potapvi01",1998,"Vitaly Potapenko",22,"CLE","C",80,0,1412,234,488,0.48,0,1,0,234,487,0.48,0.48,102,144,0.708,110,203,313,57,27,28,132,198,570,0,"",0
"175","harpede01",1998,"Derek Harper",36,"ORL","SG",66,45,1761,226,542,0.417,59,164,0.36,167,378,0.442,0.471,55,79,0.696,23,80,103,233,72,10,101,140,566,0,"",0
"176","parksch02",1998,"Cherokee Parks",25,"MIN","C",79,43,1703,224,449,0.499,0,1,0,224,448,0.5,0.499,110,169,0.651,140,297,437,53,36,86,66,237,558,0,"",0
"177","polynol01",1998,"Olden Polynice",33,"SAC","C",70,25,1458,249,542,0.459,0,1,0,249,541,0.46,0.459,52,115,0.452,173,266,439,107,37,45,98,158,550,0,"",0
"178","recasel01",1998,"Eldridge Recasner",30,"ATL","SG",59,14,1454,206,452,0.456,62,148,0.419,144,304,0.474,0.524,74,79,0.937,32,110,142,117,41,1,91,94,548,0,"",0
"179","battito01",1998,"Tony Battie",21,"DEN","PF",65,49,1506,234,525,0.446,3,14,0.214,231,511,0.452,0.449,73,104,0.702,138,213,351,60,54,69,98,199,544,0,"",0
"180","currymi01",1998,"Michael Curry",29,"MIL","SG",82,27,1978,196,418,0.469,4,9,0.444,192,409,0.469,0.474,147,176,0.835,26,72,98,137,56,14,77,218,543,0,"6MOY-6",0
"181","robinja02",1998,"James Robinson",27,"LAC","PG",70,13,1231,195,501,0.389,74,225,0.329,121,276,0.438,0.463,77,107,0.72,37,74,111,135,37,10,97,101,541,0,"",0
"182","ewingpa01",1998,"Patrick Ewing",35,"NYK","C",26,26,848,203,403,0.504,0,2,0,203,401,0.506,0.504,134,186,0.72,59,206,265,28,16,58,77,74,540,0,"",0
"183","horryro01",1998,"Robert Horry",27,"LAL","PF",72,71,2192,200,420,0.476,19,93,0.204,181,327,0.554,0.499,117,169,0.692,186,356,542,163,112,94,99,238,536,0,"",0
"184","cebalce01",1998,"Cedric Ceballos",28,"2TM","SF",47,25,990,204,415,0.492,21,70,0.3,183,345,0.53,0.517,107,145,0.738,75,146,221,60,33,16,72,88,536,0,"",0
"185","besttr01",1998,"Travis Best",25,"IND","PG",82,0,1547,201,480,0.419,21,70,0.3,180,410,0.439,0.441,112,131,0.855,28,94,122,281,85,5,111,193,535,0,"",0
"186","majerda01",1998,"Dan Majerle",32,"MIA","SG",72,22,1928,184,439,0.419,111,295,0.376,73,144,0.507,0.546,40,51,0.784,48,220,268,157,68,15,65,139,519,0,"",0
"187","delnevi01",1998,"Vinny Del Negro",31,"SAS","SG",54,38,1721,211,479,0.441,17,39,0.436,194,440,0.441,0.458,74,93,0.796,13,139,152,183,39,6,53,113,513,0,"",0
"188","stricer01",1998,"Erick Strickland",24,"DAL","SG",67,19,1505,199,558,0.357,48,163,0.294,151,395,0.382,0.4,65,84,0.774,35,126,161,167,56,8,106,140,511,0,"",0
"189","washier01",1998,"Eric Washington",23,"DEN","SG",66,36,1539,201,498,0.404,44,137,0.321,157,361,0.435,0.448,65,83,0.783,47,80,127,78,53,25,72,143,511,0,"",0
"190","murdoer01",1998,"Eric Murdock",29,"MIA","PG",82,1,1395,177,419,0.422,28,91,0.308,149,328,0.454,0.456,125,156,0.801,39,117,156,219,103,13,104,173,507,0,"",0
"191","carrch01",1998,"Chris Carr",23,"MIN","SG",51,40,1165,190,452,0.42,40,127,0.315,150,325,0.462,0.465,84,99,0.848,43,112,155,85,17,11,69,129,504,0,"",0
"192","fundela01",1998,"Lawrence Funderburke",27,"SAC","PF",52,1,1094,191,390,0.49,1,7,0.143,190,383,0.496,0.491,110,162,0.679,80,154,234,63,19,15,62,56,493,0,"",0
"193","curryde01",1998,"Dell Curry",33,"CHH","SG",52,1,971,194,434,0.447,61,145,0.421,133,289,0.46,0.517,41,52,0.788,26,75,101,69,31,4,54,85,490,0,"",0
"194","deherte01",1998,"Terry Dehere",26,"SAC","PG",77,18,1410,180,451,0.399,50,132,0.379,130,319,0.408,0.455,79,99,0.798,21,85,106,196,52,4,96,150,489,0,"",0
"195","alexaco01",1998,"Cory Alexander",24,"2TM","PG",60,22,1298,171,400,0.428,66,176,0.375,105,224,0.469,0.51,80,102,0.784,17,129,146,209,70,11,112,98,488,0,"",0
"196","knightr01",1998,"Travis Knight",23,"BOS","C",74,21,1503,193,438,0.441,15,55,0.273,178,383,0.465,0.458,81,103,0.786,146,219,365,104,54,82,87,253,482,0,"",0
"197","johnske02",1998,"Kevin Johnson",31,"PHO","PG",50,12,1290,155,347,0.447,4,26,0.154,151,321,0.47,0.452,162,186,0.871,35,129,164,245,27,8,101,57,476,0,"",0
"198","fishede01",1998,"Derek Fisher",23,"LAL","PG",82,36,1760,164,378,0.434,31,81,0.383,133,297,0.448,0.475,115,152,0.757,38,155,193,333,75,5,119,126,474,0,"",0
"199","peelean01",1998,"Anthony Peeler",28,"2TM","SG",38,32,1193,190,420,0.452,53,125,0.424,137,295,0.464,0.515,36,47,0.766,37,86,123,137,61,6,51,97,469,0,"",0
"200","cummite01",1998,"Terry Cummings",36,"2TM","PF",74,3,1185,200,428,0.467,0,1,0,200,427,0.468,0.467,67,98,0.684,97,186,283,47,38,10,51,181,467,0,"",0
"201","bullama01",1998,"Matt Bullard",30,"HOU","SF",67,24,1190,175,389,0.45,96,231,0.416,79,158,0.5,0.573,20,27,0.741,25,121,146,60,31,24,39,104,466,0,"",0
"202","roberst01",1998,"Stanley Roberts",27,"MIN","C",74,44,1328,191,386,0.495,0,0,NA,191,386,0.495,0.495,75,156,0.481,109,254,363,27,24,72,70,226,457,0,"",0
"203","mccloge01",1998,"George McCloud",30,"PHO","SF",63,13,1213,173,427,0.405,71,208,0.341,102,219,0.466,0.488,39,51,0.765,45,173,218,84,54,13,63,132,456,0,"",0
"204","willimo01",1998,"Monty Williams",26,"SAS","SF",72,16,1314,165,368,0.448,1,2,0.5,164,366,0.448,0.45,122,182,0.67,67,112,179,89,34,24,82,133,453,0,"",0
"205","mcgratr01",1998,"Tracy McGrady",18,"TOR","SF",64,17,1179,179,398,0.45,14,41,0.341,165,357,0.462,0.467,79,111,0.712,105,164,269,98,49,61,66,86,451,0,"",0
"206","armstda01",1998,"Darrell Armstrong",29,"ORL","PG",48,17,1236,156,380,0.411,25,68,0.368,131,312,0.42,0.443,105,123,0.854,65,94,159,236,58,5,112,96,442,0,"",0
"207","fostegr01",1998,"Greg Foster",29,"UTA","C",78,49,1446,186,418,0.445,2,9,0.222,184,409,0.45,0.447,67,87,0.77,85,188,273,51,15,28,68,187,441,0,"",0
"208","declean01",1998,"Andrew DeClercq",24,"BOS","C",81,49,1523,169,340,0.497,0,1,0,169,339,0.499,0.497,101,168,0.601,180,212,392,59,85,49,84,277,439,0,"",0
"209","childch01",1998,"Chris Childs",30,"NYK","PG",68,0,1599,149,354,0.421,27,87,0.31,122,267,0.457,0.459,104,126,0.825,29,133,162,268,56,6,103,179,429,0,"",0
"210","colesbi01",1998,"Bimbo Coles",29,"GSW","PG",53,44,1471,166,438,0.379,13,57,0.228,153,381,0.402,0.394,78,88,0.886,17,106,123,248,51,13,89,135,423,0,"",0
"211","whitnch01",1998,"Chris Whitney",26,"WAS","PG",82,6,1073,126,355,0.355,52,169,0.308,74,186,0.398,0.428,118,129,0.915,16,99,115,196,34,6,65,106,422,0,"",0
"212","benoida01",1998,"David Benoit",29,"2TM","SF",77,0,1123,152,408,0.373,55,170,0.324,97,238,0.408,0.44,61,74,0.824,60,143,203,25,35,20,52,157,420,0,"",0
"213","anthogr01",1998,"Greg Anthony",30,"SEA","PG",80,0,1021,150,349,0.43,66,159,0.415,84,190,0.442,0.524,53,80,0.663,18,93,111,205,64,3,91,97,419,0,"",0
"214","burresc01",1998,"Scott Burrell",27,"CHI","SF",80,3,1096,159,375,0.424,51,144,0.354,108,231,0.468,0.492,47,64,0.734,80,118,198,65,64,37,50,131,416,0,"",0
"215","willije01",1998,"Jerome Williams",24,"DET","PF",77,3,1305,151,288,0.524,0,1,0,151,287,0.526,0.524,108,166,0.651,170,209,379,48,51,10,60,144,410,0,"",0
"216","persoch01",1998,"Chuck Person",33,"SAS","PF",61,11,1455,143,398,0.359,95,276,0.344,48,122,0.393,0.479,28,37,0.757,17,187,204,86,29,10,67,121,409,0,"",0
"217","pricebr01",1998,"Brent Price",29,"HOU","PG",72,2,1332,128,310,0.413,73,187,0.39,55,123,0.447,0.531,77,98,0.786,37,70,107,192,52,4,111,163,406,0,"",0
"218","schayda01",1998,"Danny Schayes",38,"ORL","C",74,33,1272,155,371,0.418,0,0,NA,155,371,0.418,0.418,96,119,0.807,97,145,242,44,34,33,61,182,406,0,"",0
"219","chilcpe01",1998,"Pete Chilcutt",29,"VAN","PF",82,0,1420,156,359,0.435,54,130,0.415,102,229,0.445,0.51,39,59,0.661,77,229,306,104,53,37,62,158,405,0,"",0
"220","augmost01",1998,"Stacey Augmon",29,"POR","SG",71,23,1445,154,372,0.414,1,7,0.143,153,365,0.419,0.415,94,156,0.603,104,131,235,88,57,32,81,144,403,0,"",0
"221","milleol01",1998,"Oliver Miller",27,"TOR","C",64,53,1628,170,369,0.461,0,4,0,170,365,0.466,0.461,61,101,0.604,146,254,400,196,58,72,131,184,401,0,"",0
"222","masseto01",1998,"Tony Massenburg",30,"VAN","C",61,13,894,148,309,0.479,0,0,NA,148,309,0.479,0.479,100,137,0.73,80,152,232,21,25,24,60,123,396,0,"",0
"223","perduwi01",1998,"Will Perdue",32,"SAS","C",79,30,1491,162,295,0.549,0,1,0,162,294,0.551,0.549,70,133,0.526,177,358,535,57,22,50,81,137,394,0,"",0
"224","brownch01",1998,"Chucky Brown",29,"ATL","SF",77,8,1202,161,372,0.433,2,8,0.25,159,364,0.437,0.435,63,87,0.724,57,126,183,55,23,13,51,100,387,0,"",0
"225","reidjr01",1998,"J.R. Reid",29,"CHH","PF",79,1,1109,146,318,0.459,3,8,0.375,143,310,0.461,0.464,89,122,0.73,72,138,210,51,35,19,65,172,384,0,"",0
"226","wilkige01",1998,"Gerald Wilkins",34,"ORL","SG",72,16,1252,141,434,0.325,29,109,0.266,112,325,0.345,0.358,69,98,0.704,16,74,90,78,34,6,79,78,380,0,"",0
"227","carran01",1998,"Antoine Carr",36,"UTA","PF",66,8,1086,151,325,0.465,0,0,NA,151,325,0.465,0.465,76,98,0.776,42,89,131,48,11,53,48,195,378,0,"",0
"228","abdulta01",1998,"Tariq Abdul-Wahad",23,"SAC","SG",59,16,959,144,357,0.403,4,19,0.211,140,338,0.414,0.409,84,125,0.672,44,72,116,51,35,13,65,81,376,0,"",0
"229","kerrst01",1998,"Steve Kerr",32,"CHI","PG",50,0,1119,137,302,0.454,57,130,0.438,80,172,0.465,0.548,45,49,0.918,14,63,77,96,26,5,27,71,376,0,"",0
"230","rodmade01",1998,"Dennis Rodman",36,"CHI","PF",80,66,2856,155,360,0.431,4,23,0.174,151,337,0.448,0.436,61,111,0.55,421,780,1201,230,47,18,147,238,375,0,"DPOY-5",0
"231","stewami01",1998,"Michael Stewart",22,"SAC","C",81,37,1761,155,323,0.48,0,0,NA,155,323,0.48,0.48,65,142,0.458,197,339,536,61,29,195,85,251,375,0,"",0
"232","shawbr01",1998,"Brian Shaw",31,"2TM","PG",59,34,1530,154,446,0.345,28,95,0.295,126,351,0.359,0.377,36,52,0.692,37,178,215,261,49,17,99,148,372,0,"",0
"233","walkesa01",1998,"Samaki Walker",21,"DAL","PF",41,19,1027,156,321,0.486,0,1,0,156,320,0.488,0.486,53,97,0.546,96,206,302,24,30,40,61,127,365,0,"",0
"234","maybele01",1998,"Lee Mayberry",27,"VAN","PG",79,32,1835,131,349,0.375,63,180,0.35,68,169,0.402,0.466,38,51,0.745,19,95,114,349,65,10,113,164,363,0,"",0
"235","mckeyde01",1998,"Derrick McKey",31,"IND","SF",57,4,1316,150,327,0.459,4,17,0.235,146,310,0.471,0.465,55,77,0.714,74,137,211,88,57,30,79,156,359,0,"",0
"236","harriot01",1998,"Othella Harrington",24,"HOU","PF",58,3,903,129,266,0.485,0,1,0,129,265,0.487,0.485,92,122,0.754,73,134,207,24,10,27,47,112,350,0,"",0
"237","stricma01",1998,"Mark Strickland",27,"MIA","PF",51,8,847,145,269,0.539,0,1,0,145,268,0.541,0.539,59,82,0.72,80,133,213,26,18,34,47,87,349,0,"",0
"238","boguemu01",1998,"Muggsy Bogues",33,"2TM","PG",61,31,1570,141,323,0.437,4,16,0.25,137,307,0.446,0.443,61,68,0.897,30,102,132,331,67,3,105,58,347,0,"",0
"239","hammoto01",1998,"Tom Hammonds",30,"MIN","PF",57,2,1140,127,246,0.516,0,1,0,127,245,0.518,0.516,92,132,0.697,100,171,271,36,15,17,48,127,346,0,"",0
"240","minorgr01",1998,"Greg Minor",26,"BOS","SG",69,16,1126,140,321,0.436,6,31,0.194,134,290,0.462,0.445,59,86,0.686,55,95,150,88,53,11,43,100,345,0,"",0
"241","bowenbr01",1998,"Bruce Bowen",26,"BOS","SF",61,9,1305,122,298,0.409,20,59,0.339,102,239,0.427,0.443,76,122,0.623,79,95,174,81,87,29,52,174,340,0,"",0
"242","respesh01",1998,"Shawn Respert",25,"2TM","SG",57,4,911,130,293,0.444,31,93,0.333,99,200,0.495,0.497,48,61,0.787,37,63,100,61,34,1,48,75,339,0,"",0
"243","rhodero01",1998,"Rodrick Rhodes",24,"HOU","SF",58,13,1070,112,305,0.367,2,8,0.25,110,297,0.37,0.37,111,180,0.617,28,42,70,110,62,10,97,125,337,0,"",0
"244","elliose01",1998,"Sean Elliott",29,"SAS","SF",36,36,1012,122,303,0.403,34,90,0.378,88,213,0.413,0.459,56,78,0.718,16,108,124,62,24,14,57,92,334,0,"",0
"245","mckieaa01",1998,"Aaron McKie",25,"2TM","SF",81,32,1813,139,381,0.365,12,63,0.19,127,318,0.399,0.381,42,55,0.764,58,173,231,175,101,13,76,164,332,0,"",0
"246","willial02",1998,"Alvin Williams",23,"2TM","SG",54,13,1071,125,282,0.443,9,28,0.321,116,254,0.457,0.459,65,90,0.722,24,57,81,103,38,3,58,79,324,0,"",0
"247","daviste01",1998,"Terry Davis",30,"WAS","PF",74,66,1705,127,256,0.496,0,1,0,127,255,0.498,0.496,69,119,0.58,209,271,480,30,41,24,56,193,323,0,"",0
"248","evansbr01",1998,"Brian Evans",24,"2TM","SF",72,1,893,123,312,0.394,29,87,0.333,94,225,0.418,0.441,46,57,0.807,49,88,137,55,29,13,38,101,321,0,"",0
"249","hardaan01",1998,"Anfernee Hardaway",26,"ORL","SG",19,15,625,103,273,0.377,15,50,0.3,88,223,0.395,0.405,90,118,0.763,8,68,76,68,28,15,46,45,311,0,"AS",0
"250","tabakza01",1998,"Žan Tabak",27,"2TM","C",57,34,984,142,304,0.467,0,1,0,142,303,0.469,0.467,23,61,0.377,84,128,212,48,20,38,61,163,307,0,"",0
"251","sprewla01",1998,"Latrell Sprewell",27,"GSW","SG",14,13,547,110,277,0.397,9,48,0.188,101,229,0.441,0.413,70,94,0.745,7,44,51,68,19,5,44,26,299,0,"",0
"252","ostergr01",1998,"Greg Ostertag",24,"UTA","C",63,23,1288,115,239,0.481,0,0,NA,115,239,0.481,0.481,67,140,0.479,134,240,374,25,28,132,74,166,297,0,"",0
"253","williaa01",1998,"Aaron Williams",26,"SEA","PF",65,9,757,115,220,0.523,0,1,0,115,219,0.525,0.523,66,85,0.776,48,99,147,14,19,38,50,119,296,0,"",0
"254","bryanma01",1998,"Mark Bryant",32,"PHO","C",70,22,1110,109,225,0.484,0,1,0,109,224,0.487,0.484,73,95,0.768,92,152,244,46,36,15,58,180,291,0,"",0
"255","ferryda01",1998,"Danny Ferry",31,"CLE","PF",69,3,1034,113,286,0.395,33,99,0.333,80,187,0.428,0.453,32,40,0.8,23,91,114,59,26,17,53,118,291,0,"",0
"256","maxweve01",1998,"Vernon Maxwell",32,"2TM","SG",42,0,636,103,258,0.399,37,112,0.33,66,146,0.452,0.471,48,60,0.8,14,43,57,52,16,4,40,71,291,0,"",0
"257","richapo01",1998,"Pooh Richardson",31,"LAC","PG",69,17,1252,124,333,0.372,11,57,0.193,113,276,0.409,0.389,30,43,0.698,17,79,96,226,44,3,54,71,289,0,"",0
"258","brownra02",1998,"Randy Brown",29,"CHI","PG",71,6,1147,116,302,0.384,0,5,0,116,297,0.391,0.384,56,78,0.718,34,60,94,151,71,12,63,118,288,0,"",0
"259","catoke01",1998,"Kelvin Cato",23,"POR","C",74,8,1007,98,229,0.428,0,3,0,98,226,0.434,0.428,86,125,0.688,91,161,252,23,29,94,44,164,282,0,"",0
"260","davisma02",1998,"Mark Davis",24,"PHI","SF",71,12,906,109,244,0.447,0,6,0,109,238,0.458,0.447,64,101,0.634,64,94,158,73,49,18,91,95,282,0,"",0
"261","edneyty01",1998,"Tyus Edney",24,"BOS","PG",52,7,623,93,216,0.431,3,10,0.3,90,206,0.437,0.438,88,111,0.793,20,35,55,139,51,1,66,69,277,0,"",0
"262","onealje01",1998,"Jermaine O'Neal",19,"POR","PF",60,9,808,112,231,0.485,0,2,0,112,229,0.489,0.485,45,89,0.506,80,121,201,17,15,58,55,101,269,0,"",0
"263","surabo01",1998,"Bob Sura",24,"CLE","SG",46,4,942,87,231,0.377,19,60,0.317,68,171,0.398,0.418,74,131,0.565,25,69,94,171,44,7,93,113,267,0,"",0
"264","hoibefr01",1998,"Fred Hoiberg",25,"IND","SG",65,1,874,85,222,0.383,32,85,0.376,53,137,0.387,0.455,59,69,0.855,14,109,123,45,40,3,22,101,261,0,"",0
"265","armstbj01",1998,"B.J. Armstrong",30,"2TM","PG",66,0,831,105,213,0.493,9,35,0.257,96,178,0.539,0.514,42,50,0.84,16,60,76,150,29,0,42,74,261,0,"",0
"266","williho01",1998,"Hot Rod Williams",35,"PHO","C",71,30,1333,95,202,0.47,0,0,NA,95,202,0.47,0.47,65,93,0.699,107,205,312,49,33,60,29,138,255,0,"",0
"267","blounco01",1998,"Corie Blount",29,"LAL","PF",70,3,1029,107,187,0.572,0,4,0,107,183,0.585,0.572,39,78,0.5,114,184,298,37,29,25,51,157,253,0,"",0
"268","smithmi02",1998,"Michael Smith",25,"2TM","PF",48,33,1053,93,194,0.479,0,1,0,93,193,0.482,0.479,65,103,0.631,120,186,306,88,41,15,51,95,251,0,"",0
"269","hurlebo01",1998,"Bobby Hurley",26,"2TM","PG",61,3,875,93,238,0.391,5,22,0.227,88,216,0.407,0.401,59,76,0.776,12,54,66,177,23,0,86,79,250,0,"",0
"270","mcilvji01",1998,"Jim McIlvaine",25,"SEA","C",78,72,1211,101,223,0.453,0,3,0,101,220,0.459,0.453,45,81,0.556,96,163,259,19,24,137,54,240,247,0,"",0
"271","honeyje01",1998,"Jerald Honeycutt",23,"MIL","PF",38,0,530,90,221,0.407,29,77,0.377,61,144,0.424,0.473,36,58,0.621,27,66,93,33,20,6,49,83,245,0,"",0
"272","anstech01",1998,"Chris Anstey",23,"DAL","C",41,8,680,92,231,0.398,3,16,0.188,89,215,0.414,0.405,53,74,0.716,53,104,157,35,31,27,41,95,240,0,"",0
"273","reiddo01",1998,"Don Reid",24,"DET","PF",68,44,994,94,176,0.534,0,0,NA,94,176,0.534,0.534,50,71,0.704,77,98,175,26,25,55,28,183,238,0,"",0
"274","willisc01",1998,"Scott Williams",29,"PHI","C",58,7,801,93,213,0.437,0,5,0,93,208,0.447,0.437,51,63,0.81,87,124,211,29,17,21,30,132,237,0,"",0
"275","stithbr01",1998,"Bryant Stith",27,"DEN","SG",31,15,718,75,225,0.333,10,48,0.208,65,177,0.367,0.356,75,86,0.872,15,50,65,50,21,8,35,52,235,0,"",0
"276","kerseje01",1998,"Jerome Kersey",35,"SEA","SF",37,2,717,97,233,0.416,1,10,0.1,96,223,0.43,0.418,39,65,0.6,56,79,135,44,52,14,36,104,234,0,"",0
"277","morrich01",1998,"Chris Morris",32,"UTA","SF",54,1,538,85,207,0.411,19,62,0.306,66,145,0.455,0.457,44,61,0.721,35,79,114,24,25,17,33,61,233,0,"",0
"278","muursma01",1998,"Martin Müürsepp",23,"DAL","PF",41,7,603,83,191,0.435,16,38,0.421,67,153,0.438,0.476,51,67,0.761,46,68,114,30,29,14,29,96,233,0,"",0
"279","closske01",1998,"Keith Closs",21,"LAC","C",58,1,740,93,207,0.449,0,0,NA,93,207,0.449,0.449,46,77,0.597,63,105,168,19,12,81,38,73,232,0,"",0
"280","abdulma02",1998,"Mahmoud Abdul-Rauf",28,"SAC","PG",31,0,530,103,273,0.377,5,31,0.161,98,242,0.405,0.386,16,16,1,6,31,37,58,16,1,19,31,227,0,"",0
"281","fulleto02",1998,"Todd Fuller",23,"GSW","C",57,1,613,86,205,0.42,0,4,0,86,201,0.428,0.42,55,80,0.688,61,135,196,10,6,16,37,89,227,0,"",0
"282","grayed01",1998,"Ed Gray",22,"ATL","SG",30,3,472,77,202,0.381,18,46,0.391,59,156,0.378,0.426,55,65,0.846,9,36,45,34,15,11,30,73,227,0,"",0
"283","eacklle01",1998,"Ledell Eackles",31,"WAS","SG",42,0,547,75,175,0.429,16,46,0.348,59,129,0.457,0.474,52,59,0.881,25,50,75,16,17,0,29,43,218,0,"",0
"284","millste01",1998,"Terry Mills",30,"MIA","PF",50,0,782,81,206,0.393,25,81,0.309,56,125,0.448,0.454,25,33,0.758,34,118,152,39,19,9,45,129,212,0,"",0
"285","snower01",1998,"Eric Snow",24,"2TM","PG",64,0,918,79,184,0.429,2,17,0.118,77,167,0.461,0.435,49,71,0.69,19,62,81,177,60,5,63,114,209,0,"",0
"286","wallabe01",1998,"Ben Wallace",23,"WAS","C",67,16,1124,85,164,0.518,0,0,NA,85,164,0.518,0.518,35,98,0.357,112,212,324,18,61,72,28,116,205,0,"",0
"287","willibu01",1998,"Buck Williams",37,"NYK","PF",41,6,738,75,149,0.503,0,0,NA,75,149,0.503,0.503,52,71,0.732,78,105,183,21,17,15,38,93,202,0,"",0
"288","buechju01",1998,"Jud Buechler",29,"CHI","SF",74,0,608,85,176,0.483,25,65,0.385,60,111,0.541,0.554,3,6,0.5,24,53,77,49,22,15,21,47,198,0,"",0
"289","vrankst01",1998,"Stojko Vranković",34,"LAC","C",65,38,996,79,186,0.425,0,0,NA,79,186,0.425,0.425,37,65,0.569,71,192,263,36,11,66,46,130,195,0,"",0
"290","beckco01",1998,"Corey Beck",26,"CHH","PG",59,14,738,73,159,0.459,2,4,0.5,71,155,0.458,0.465,43,59,0.729,27,63,90,98,33,7,70,100,191,0,"",0
"291","harrilu01",1998,"Lucious Harris",27,"NJN","SG",50,0,671,69,177,0.39,12,39,0.308,57,138,0.413,0.424,41,55,0.745,21,31,52,42,42,5,21,77,191,0,"",0
"292","davisem01",1998,"Emanual Davis",29,"HOU","PG",45,0,599,63,142,0.444,27,72,0.375,36,70,0.514,0.539,31,37,0.838,10,37,47,59,17,3,52,55,184,0,"",0
"293","bennema01",1998,"Mario Bennett",24,"LAL","PF",45,4,354,80,135,0.593,1,2,0.5,79,133,0.594,0.596,16,44,0.364,60,66,126,18,19,11,21,61,177,0,"",0
"294","grantha01",1998,"Harvey Grant",32,"WAS","SF",65,8,895,75,196,0.383,1,6,0.167,74,190,0.389,0.385,19,30,0.633,60,108,168,39,23,15,26,94,170,0,"",0
"295","herreca01",1998,"Carl Herrera",31,"SAS","PF",58,1,516,76,175,0.434,0,1,0,76,174,0.437,0.434,18,44,0.409,24,67,91,22,19,12,38,71,170,0,"",0
"296","wennibi01",1998,"Bill Wennington",34,"CHI","C",48,8,467,75,172,0.436,0,0,NA,75,172,0.436,0.436,17,21,0.81,32,48,80,19,4,5,16,77,167,0,"",0
"297","foylead01",1998,"Adonal Foyle",22,"GSW","C",55,1,656,69,170,0.406,0,1,0,69,169,0.408,0.406,27,62,0.435,73,111,184,14,13,52,50,94,165,0,"",0
"298","ellisha01",1998,"Harold Ellis",27,"DEN","SF",27,3,344,62,111,0.559,0,4,0,62,107,0.579,0.559,40,63,0.635,27,23,50,18,19,4,19,53,164,0,"",0
"299","hendrma01",1998,"Mark Hendrickson",23,"SAC","PF",48,1,737,58,149,0.389,0,5,0,58,144,0.403,0.389,47,57,0.825,33,110,143,41,26,9,31,60,163,0,"",0
"300","brunsri01",1998,"Rick Brunson",25,"POR","PG",38,10,622,49,141,0.348,22,61,0.361,27,80,0.338,0.426,42,62,0.677,14,42,56,100,25,3,52,55,162,0,"",0
"301","spencfe01",1998,"Felton Spencer",30,"GSW","C",68,0,813,59,129,0.457,0,0,NA,59,129,0.457,0.457,44,79,0.557,93,133,226,17,23,37,49,175,162,0,"",0
"302","vaughda02",1998,"David Vaughn",24,"3TM","PF",40,2,489,66,148,0.446,0,1,0,66,147,0.449,0.446,30,47,0.638,53,99,152,20,15,10,40,83,162,0,"",0
"303","robinch01",1998,"Chris Robinson",23,"2TM","SG",35,0,414,65,174,0.374,24,66,0.364,41,108,0.38,0.443,8,16,0.5,9,37,46,39,19,4,33,50,162,0,"",0
"304","rosema01",1998,"Malik Rose",23,"SAS","PF",53,0,429,59,136,0.434,1,3,0.333,58,133,0.436,0.438,39,61,0.639,40,50,90,19,21,7,44,79,158,0,"",0
"305","dudlech02",1998,"Chris Dudley",32,"NYK","C",51,22,858,58,143,0.406,0,0,NA,58,143,0.406,0.406,41,92,0.446,108,167,275,21,13,51,44,139,157,0,"",0
"306","westdo01",1998,"Doug West",30,"MIN","SG",38,10,688,64,171,0.374,0,2,0,64,169,0.379,0.374,29,40,0.725,23,59,82,45,11,5,21,97,157,0,"",0
"307","gearyre01",1998,"Reggie Geary",24,"SAS","PG",62,2,685,56,169,0.331,12,40,0.3,44,129,0.341,0.367,28,56,0.5,19,48,67,74,37,12,42,95,152,0,"",0
"308","langan01",1998,"Andrew Lang",31,"MIL","C",57,0,692,54,143,0.378,0,1,0,54,142,0.38,0.378,44,57,0.772,56,97,153,16,18,27,33,101,152,0,"",0
"309","piercri01",1998,"Ricky Pierce",38,"MIL","SG",39,0,442,52,143,0.364,4,13,0.308,48,130,0.369,0.378,43,52,0.827,19,26,45,34,9,0,21,35,151,0,"",0
"310","thomajo02",1998,"John Thomas",22,"2TM","PF",54,2,535,55,113,0.487,0,0,NA,55,113,0.487,0.487,41,54,0.759,48,58,106,17,22,12,46,97,151,0,"",0
"311","crawfch01",1998,"Chris Crawford",22,"ATL","PF",40,0,256,46,110,0.418,1,3,0.333,45,107,0.421,0.423,57,68,0.838,20,21,41,9,12,7,18,27,150,0,"",0
"312","wingada01",1998,"David Wingate",34,"SEA","SG",58,2,546,66,140,0.471,3,7,0.429,63,133,0.474,0.482,15,29,0.517,19,60,79,37,21,3,37,58,150,0,"",0
"313","edwarke01",1998,"Kevin Edwards",32,"2TM","SG",39,5,487,57,165,0.345,6,15,0.4,51,150,0.34,0.364,30,35,0.857,20,34,54,39,26,1,30,28,150,0,"",0
"314","jordare01",1998,"Reggie Jordan",30,"MIN","SG",57,1,487,54,113,0.478,0,1,0,54,112,0.482,0.478,41,72,0.569,57,40,97,50,35,9,30,63,149,0,"",0
"315","thomaca01",1998,"Carl Thomas",28,"3TM","SG",43,0,426,56,140,0.4,20,59,0.339,36,81,0.444,0.471,16,25,0.64,10,37,47,19,21,7,18,39,148,0,"",0
"316","hamda01",1998,"Darvin Ham",24,"WAS","SF",71,3,635,55,104,0.529,0,0,NA,55,104,0.529,0.529,35,74,0.473,72,59,131,16,21,25,37,118,145,0,"",0
"317","laudepr01",1998,"Priest Lauderdale",24,"DEN","C",39,0,345,53,127,0.417,0,0,NA,53,127,0.417,0.417,38,69,0.551,27,73,100,21,7,17,46,63,144,0,"",0
"318","longgr01",1998,"Grant Long",31,"DET","PF",40,17,739,50,117,0.427,0,4,0,50,113,0.442,0.427,41,57,0.719,57,93,150,25,29,12,22,91,141,0,"",0
"319","mahorri01",1998,"Rick Mahorn",39,"DET","C",59,0,707,59,129,0.457,0,0,NA,59,129,0.457,0.457,23,34,0.676,65,130,195,15,14,7,37,123,141,0,"",0
"320","rileyer01",1998,"Eric Riley",27,"DAL","C",39,14,544,56,135,0.415,0,1,0,56,134,0.418,0.415,27,36,0.75,43,90,133,22,15,46,37,80,139,0,"",0
"321","rooksse01",1998,"Sean Rooks",28,"LAL","C",41,1,425,46,101,0.455,0,0,NA,46,101,0.455,0.455,47,79,0.595,46,72,118,24,2,23,19,68,139,0,"",0
"322","vaughja01",1998,"Jacque Vaughn",22,"UTA","PG",45,0,419,44,122,0.361,3,8,0.375,41,114,0.36,0.373,48,68,0.706,4,34,38,84,9,1,56,63,139,0,"",0
"323","montrer01",1998,"Eric Montross",26,"2TM","C",48,30,691,61,144,0.424,0,0,NA,61,144,0.424,0.424,16,40,0.4,69,130,199,11,13,27,29,127,138,0,"",0
"324","willitr01",1998,"Travis Williams",28,"CHH","SF",39,0,365,56,119,0.471,0,1,0,56,118,0.475,0.471,24,46,0.522,53,39,92,20,18,5,30,55,136,0,"",0
"325","simpkdi01",1998,"Dickey Simpkins",25,"2TM","PF",40,0,433,48,89,0.539,0,2,0,48,87,0.552,0.539,36,70,0.514,27,50,77,33,9,5,32,54,132,0,"",0
"326","wellsbu01",1998,"Bubba Wells",23,"DAL","SG",39,2,395,48,116,0.414,1,6,0.167,47,110,0.427,0.418,31,43,0.721,22,46,68,34,15,4,31,40,128,0,"",0
"327","ollieke01",1998,"Kevin Ollie",25,"2TM","PG",35,0,430,37,98,0.378,0,1,0,37,97,0.381,0.378,49,70,0.7,9,30,39,65,13,0,44,31,123,0,"",0
"328","barryjo01",1998,"Jon Barry",28,"LAL","SG",49,1,374,38,104,0.365,18,61,0.295,20,43,0.465,0.452,27,29,0.931,8,29,37,51,24,3,22,33,121,0,"",0
"329","jonespo01",1998,"Popeye Jones",27,"TOR","PF",14,4,352,52,127,0.409,2,3,0.667,50,124,0.403,0.417,14,19,0.737,50,52,102,18,10,3,16,39,120,0,"",0
"330","smithch04",1998,"Charles Smith",22,"2TM","SG",34,0,292,49,125,0.392,15,47,0.319,34,78,0.436,0.452,6,11,0.545,13,14,27,21,12,6,27,24,119,0,"",0
"331","rogerca01",1998,"Carlos Rogers",26,"2TM","PF",21,0,376,47,91,0.516,0,2,0,47,89,0.528,0.516,18,32,0.563,35,32,67,18,10,8,14,35,112,0,"",0
"332","askinke01",1998,"Keith Askins",30,"MIA","SF",46,12,681,39,122,0.32,21,74,0.284,18,48,0.375,0.406,12,19,0.632,28,73,101,29,27,12,26,107,111,0,"",0
"333","cagemi01",1998,"Michael Cage",36,"NJN","C",79,17,1201,43,84,0.512,0,1,0,43,83,0.518,0.512,20,36,0.556,115,193,308,32,45,44,23,105,106,0,"",0
"334","grantga01",1998,"Gary Grant",32,"POR","PG",22,2,359,43,93,0.462,7,19,0.368,36,74,0.486,0.5,12,14,0.857,8,40,48,84,17,2,24,30,105,0,"",0
"335","feickja01",1998,"Jamie Feick",23,"MIL","PF",45,2,450,39,90,0.433,4,13,0.308,35,77,0.455,0.456,20,41,0.488,45,79,124,16,25,17,21,67,102,0,"",0
"336","ellispe01",1998,"Pervis Ellison",30,"BOS","PF",33,8,447,40,70,0.571,0,0,NA,40,70,0.571,0.571,20,34,0.588,52,57,109,31,20,31,28,90,100,0,"",0
"337","crottjo01",1998,"John Crotty",28,"POR","PG",26,2,379,29,90,0.322,6,20,0.3,23,70,0.329,0.356,32,34,0.941,4,28,32,63,10,1,42,28,96,0,"",0
"338","ferredu01",1998,"Duane Ferrell",32,"GSW","SF",50,5,461,41,111,0.369,0,6,0,41,105,0.39,0.369,12,22,0.545,25,22,47,26,21,6,18,50,94,0,"",0
"339","packro01",1998,"Robert Pack",28,"DAL","PG",12,10,292,33,98,0.337,3,6,0.5,30,92,0.326,0.352,25,36,0.694,8,26,34,42,20,1,38,17,94,0,"",0
"340","kleinjo01",1998,"Joe Kleine",36,"CHI","C",46,1,397,39,106,0.368,0,0,NA,39,106,0.368,0.368,15,18,0.833,27,50,77,30,4,5,28,63,93,0,"",0
"341","milicma01",1998,"Marko Milič",20,"PHO","SF",33,0,163,39,64,0.609,3,6,0.5,36,58,0.621,0.633,11,17,0.647,10,15,25,12,10,0,21,17,92,0,"",0
"342","causwdu01",1998,"Duane Causwell",29,"MIA","C",37,2,363,37,89,0.416,0,0,NA,37,89,0.416,0.416,15,26,0.577,29,70,99,5,7,27,18,73,89,0,"",0
"343","pollasc01",1998,"Scot Pollard",22,"DET","C",33,0,317,35,70,0.5,0,0,NA,35,70,0.5,0.5,19,23,0.826,34,40,74,9,8,10,12,48,89,0,"",0
"344","andergr01",1998,"Greg Anderson",33,"ATL","C",50,0,398,36,81,0.444,0,5,0,36,76,0.474,0.444,16,41,0.39,39,79,118,15,19,10,17,85,88,0,"",0
"345","conloma01",1998,"Marty Conlon",30,"MIA","C",18,0,209,28,62,0.452,0,0,NA,28,62,0.452,0.452,32,44,0.727,16,30,46,12,9,5,11,27,88,0,"",0
"346","wolfjo01",1998,"Joe Wolf",33,"DEN","PF",57,8,621,40,121,0.331,2,10,0.2,38,111,0.342,0.339,5,10,0.5,36,90,126,30,20,7,22,92,87,0,"",0
"347","jameshe01",1998,"Henry James",32,"CLE","PF",28,0,166,24,59,0.407,11,25,0.44,13,34,0.382,0.5,21,22,0.955,2,13,15,5,1,1,12,24,80,0,"",0
"348","waltere01",1998,"Rex Walters",27,"2TM","SG",38,0,235,24,53,0.453,6,22,0.273,18,31,0.581,0.509,26,28,0.929,5,19,24,35,8,1,27,28,80,0,"",0
"349","brooksc01",1998,"Scott Brooks",32,"CLE","PG",43,0,312,28,66,0.424,5,11,0.455,23,55,0.418,0.462,18,20,0.9,6,24,30,49,18,3,12,25,79,0,"",0
"350","millean01",1998,"Anthony Miller",26,"ATL","PF",37,0,228,29,52,0.558,0,0,NA,29,52,0.558,0.558,21,39,0.538,30,40,70,3,15,3,14,41,79,0,"",0
"351","willier01",1998,"Eric Williams",25,"DEN","SF",4,4,145,24,61,0.393,0,0,NA,24,61,0.393,0.393,31,45,0.689,10,11,21,12,4,0,9,9,79,0,"",0
"352","royaldo01",1998,"Donald Royal",31,"2TM","SF",31,5,323,25,69,0.362,0,0,NA,25,69,0.362,0.362,29,33,0.879,18,23,41,17,7,1,10,35,79,0,"",0
"353","croshau01",1998,"Austin Croshere",22,"IND","PF",26,0,243,32,86,0.372,4,13,0.308,28,73,0.384,0.395,8,14,0.571,10,35,45,8,9,5,13,32,76,0,"",0
"354","bowiean01",1998,"Anthony Bowie",34,"NYK","SG",27,3,224,32,59,0.542,3,4,0.75,29,55,0.527,0.568,8,9,0.889,9,17,26,11,6,2,7,25,75,0,"",0
"355","vaughlo01",1998,"Loy Vaught",29,"LAC","PF",10,6,265,36,84,0.429,0,2,0,36,82,0.439,0.429,3,8,0.375,16,49,65,7,4,2,13,33,75,0,"",0
"356","parkean01",1998,"Anthony Parker",22,"PHI","SG",37,0,196,25,63,0.397,9,28,0.321,16,35,0.457,0.468,13,20,0.65,8,18,26,19,11,3,11,17,72,0,"",0
"357","garriki01",1998,"Kiwane Lemorris Garris",23,"DEN","SG",28,0,225,22,65,0.338,5,14,0.357,17,51,0.333,0.377,19,25,0.76,3,16,19,28,7,1,15,22,68,0,"",0
"358","farmeto01",1998,"Tony Farmer",28,"CHH","C",27,2,169,17,53,0.321,2,9,0.222,15,44,0.341,0.34,31,39,0.795,16,16,32,5,10,4,9,23,67,0,"",0
"359","askewvi01",1998,"Vincent Askew",31,"POR","SG",30,5,443,19,54,0.352,0,2,0,19,52,0.365,0.352,28,39,0.718,21,47,68,38,19,5,35,39,66,0,"",0
"360","obannch01",1998,"Charles O'Bannon",22,"DET","SG",30,0,234,26,69,0.377,0,3,0,26,66,0.394,0.377,12,15,0.8,14,19,33,17,9,1,9,15,64,0,"",0
"361","willimi02",1998,"Micheal Williams",31,"MIN","PG",25,0,161,16,48,0.333,0,4,0,16,44,0.364,0.333,32,33,0.97,2,12,14,32,9,2,16,24,64,0,"",0
"362","benjabe01",1998,"Benoit Benjamin",33,"PHI","C",14,0,197,22,41,0.537,0,0,NA,22,41,0.537,0.537,19,30,0.633,18,35,53,3,4,4,12,26,63,0,"",0
"363","mcmilna01",1998,"Nate McMillan",33,"SEA","SG",18,1,279,23,67,0.343,15,34,0.441,8,33,0.242,0.455,1,1,1,13,27,40,55,14,4,12,41,62,0,"",0
"364","overtdo01",1998,"Doug Overton",28,"PHI","PG",23,2,277,24,63,0.381,0,3,0,24,60,0.4,0.381,14,16,0.875,2,12,14,37,8,1,23,34,62,0,"",0
"365","shammgo01",1998,"God Shammgod",21,"WAS","PG",20,0,146,19,58,0.328,0,2,0,19,56,0.339,0.328,23,30,0.767,2,5,7,36,7,1,21,27,61,0,"",0
"366","collija01",1998,"James Collins",24,"LAC","SG",23,0,103,21,55,0.382,9,20,0.45,12,35,0.343,0.464,8,14,0.571,7,7,14,3,6,3,8,12,59,0,"",0
"367","thompbr01",1998,"Brooks Thompson",27,"2TM","PG",30,0,167,23,56,0.411,9,30,0.3,14,26,0.538,0.491,4,8,0.5,1,14,15,27,10,1,16,22,59,0,"",0
"368","newbiiv01",1998,"Ivano Newbill",27,"VAN","PF",28,2,249,20,57,0.351,1,1,1,19,56,0.339,0.36,17,30,0.567,24,45,69,9,10,3,17,38,58,0,"",0
"369","wheatde01",1998,"DeJuan Wheat",24,"MIN","PG",34,0,150,20,50,0.4,8,17,0.471,12,33,0.364,0.48,9,15,0.6,3,8,11,25,6,1,9,12,57,0,"",0
"370","barrydr01",1998,"Drew Barry",24,"ATL","PG",27,0,256,18,38,0.474,9,21,0.429,9,17,0.529,0.592,11,13,0.846,5,30,35,49,10,1,30,28,56,0,"",0
"371","garnech01",1998,"Chris Garner",22,"TOR","PG",38,0,293,23,70,0.329,4,14,0.286,19,56,0.339,0.357,3,7,0.429,7,17,24,45,21,4,25,50,53,0,"",0
"372","larueru01",1998,"Rusty LaRue",24,"CHI","PG",14,0,140,20,49,0.408,4,16,0.25,16,33,0.485,0.449,5,8,0.625,1,7,8,5,3,1,6,12,49,0,"",0
"373","jonesdo01",1998,"Dontae' Jones",22,"BOS","SF",15,0,91,19,57,0.333,6,23,0.261,13,34,0.382,0.386,0,0,NA,3,6,9,5,2,3,11,12,44,0,"",0
"374","scottsh01",1998,"Shawnelle Scott",25,"CLE","C",41,0,188,16,36,0.444,0,0,NA,16,36,0.444,0.444,12,18,0.667,20,39,59,8,6,8,10,45,44,0,"",0
"375","stewake01",1998,"Kebu Stewart",24,"PHI","PF",15,0,110,12,26,0.462,0,0,NA,12,26,0.462,0.462,16,25,0.64,9,22,31,2,5,2,8,13,40,0,"",0
"376","popema01",1998,"Mark Pope",25,"IND","SF",28,0,193,14,41,0.341,1,3,0.333,13,38,0.342,0.354,10,17,0.588,9,17,26,7,3,6,10,36,39,0,"",0
"377","taylojo01",1998,"Johnny Taylor",23,"ORL","SF",12,0,108,13,37,0.351,1,2,0.5,12,35,0.343,0.365,11,16,0.688,4,9,13,1,3,2,8,22,38,0,"",0
"378","butlemi02",1998,"Mitchell Butler",27,"CLE","SG",18,0,206,15,47,0.319,1,6,0.167,14,41,0.341,0.33,6,10,0.6,6,16,22,18,8,0,8,26,37,0,"",0
"379","madkige01",1998,"Gerald Madkins",28,"GSW","SG",19,0,243,13,34,0.382,6,15,0.4,7,19,0.368,0.471,5,7,0.714,2,13,15,45,13,1,13,18,37,0,"",0
"380","thomaku01",1998,"Kurt Thomas",25,"DAL","PF",5,0,73,17,45,0.378,0,0,NA,17,45,0.378,0.378,3,3,1,8,16,24,3,1,0,10,19,37,0,"",0
"381","willibr01",1998,"Brandon Williams",22,"GSW","SG",9,2,140,16,50,0.32,3,9,0.333,13,41,0.317,0.35,2,4,0.5,4,11,15,3,6,3,9,18,37,0,"",0
"382","willihe01",1998,"Herb Williams",39,"NYK","PF",27,0,178,18,43,0.419,0,0,NA,18,43,0.419,0.419,1,8,0.125,6,23,29,4,6,9,5,34,37,0,"",0
"383","hensost01",1998,"Steve Henson",29,"DET","PG",23,0,65,13,26,0.5,3,8,0.375,10,18,0.556,0.558,7,7,1,0,2,2,4,1,0,6,9,36,0,"",0
"384","curlebi01",1998,"Bill Curley",25,"MIN","PF",11,1,146,16,33,0.485,0,1,0,16,32,0.5,0.485,2,3,0.667,11,17,28,4,3,1,3,28,34,0,"",0
"385","daniell01",1998,"Lloyd Daniels",30,"TOR","SG",6,0,82,12,29,0.414,2,9,0.222,10,20,0.5,0.448,8,10,0.8,4,3,7,4,3,2,4,4,34,0,"",0
"386","dayto01",1998,"Todd Day",28,"MIA","SG",5,0,69,11,31,0.355,2,12,0.167,9,19,0.474,0.387,6,9,0.667,4,2,6,7,7,0,3,10,30,0,"",0
"387","zidekge01",1998,"George Zídek",24,"2TM","C",12,0,64,7,29,0.241,1,2,0.5,6,27,0.222,0.259,14,16,0.875,4,13,17,2,0,2,4,10,29,0,"",0
"388","burtowi01",1998,"Willie Burton",29,"SAS","SF",13,0,43,8,21,0.381,3,9,0.333,5,12,0.417,0.452,8,12,0.667,3,6,9,1,2,2,1,7,27,0,"",0
"389","stephjo01",1998,"Joe Stephens",25,"HOU","SF",7,0,37,10,28,0.357,3,10,0.3,7,18,0.389,0.411,4,6,0.667,3,3,6,1,2,0,2,2,27,0,"",0
"390","lawsoja01",1998,"Jason Lawson",23,"ORL","C",17,0,80,9,15,0.6,0,0,NA,9,15,0.6,0.6,8,10,0.8,8,19,27,5,4,4,2,14,26,0,"",0
"391","willilo01",1998,"Lorenzo Williams",28,"WAS","PF",14,6,111,13,17,0.765,0,0,NA,13,17,0.765,0.765,0,2,0,16,10,26,3,2,3,2,17,26,0,"",0
"392","greenli01",1998,"Litterial Green",27,"MIL","PG",21,0,124,5,23,0.217,0,2,0,5,21,0.238,0.217,15,20,0.75,1,6,7,16,4,0,8,11,25,0,"",0
"393","howarst01",1998,"Stephen Howard",27,"SEA","SF",13,0,53,8,21,0.381,0,0,NA,8,21,0.381,0.381,9,18,0.5,6,6,12,3,3,1,6,13,25,0,"",0
"394","mcdanxa01",1998,"Xavier McDaniel",34,"NJN","SF",20,0,180,10,30,0.333,0,0,NA,10,30,0.333,0.333,5,8,0.625,12,19,31,9,3,2,8,23,25,0,"",0
"395","cottoja02",1998,"James Cotton",22,"SEA","SG",9,0,33,8,21,0.381,0,4,0,8,17,0.471,0.381,8,9,0.889,2,4,6,0,1,1,6,3,24,0,"",0
"396","llamaho01",1998,"Horacio Llamas",24,"PHO","C",8,0,42,8,21,0.381,1,3,0.333,7,18,0.389,0.405,7,10,0.7,4,14,18,1,1,3,9,14,24,0,"",0
"397","westma01",1998,"Mark West",37,"IND","C",15,1,105,10,21,0.476,0,0,NA,10,21,0.476,0.476,3,6,0.5,6,9,15,2,2,4,8,15,23,0,"",0
"398","haleyja01",1998,"Jack Haley",34,"NJN","C",16,0,51,5,18,0.278,0,1,0,5,17,0.294,0.278,12,21,0.571,5,10,15,0,0,1,4,9,22,0,"",0
"399","rogerro02",1998,"Roy Rogers",24,"2TM","PF",15,0,106,9,25,0.36,0,0,NA,9,25,0.36,0.36,2,6,0.333,8,9,17,2,3,8,5,18,20,0,"",0
"400","lohaubr01",1998,"Brad Lohaus",33,"SAS","PF",9,0,102,7,21,0.333,4,14,0.286,3,7,0.429,0.429,1,3,0.333,3,9,12,5,1,2,3,10,19,0,"",0
"401","smithto02",1998,"Tony Smith",29,"MIL","PG",7,0,80,8,24,0.333,0,4,0,8,20,0.4,0.333,3,4,0.75,4,3,7,10,5,2,9,7,19,0,"",0
"402","nordgje01",1998,"Jeff Nordgaard",24,"MIL","PF",13,0,48,5,18,0.278,0,0,NA,5,18,0.278,0.278,8,9,0.889,4,10,14,3,2,0,3,7,18,0,"",0
"403","robinla01",1998,"Larry Robinson",30,"VAN","SF",6,0,41,6,19,0.316,3,6,0.5,3,13,0.231,0.395,2,2,1,2,10,12,1,4,0,2,0,17,0,"",0
"404","grahagr01",1998,"Greg Graham",27,"CLE","SG",6,0,56,7,12,0.583,0,3,0,7,9,0.778,0.583,2,2,1,0,1,1,6,1,0,10,7,16,0,"",0
"405","wrighsh01",1998,"Sharone Wright",25,"TOR","C",7,0,44,7,14,0.5,0,0,NA,7,14,0.5,0.5,2,4,0.5,1,8,9,4,0,0,2,7,16,0,"",0
"406","jonesch01",1998,"Charles Jones",40,"HOU","PF",24,0,127,7,10,0.7,0,0,NA,7,10,0.7,0.7,1,2,0.5,12,12,24,5,1,6,4,22,15,0,"",0
"407","olivebr01",1998,"Brian Oliver",29,"ATL","SG",5,0,61,7,19,0.368,0,0,NA,7,19,0.368,0.368,1,4,0.25,3,6,9,2,1,0,1,4,15,0,"",0
"408","dumasto01",1998,"Tony Dumas",25,"CLE","SG",7,0,47,6,12,0.5,2,4,0.5,4,8,0.5,0.583,0,3,0,1,4,5,5,0,0,5,5,14,0,"",0
"409","grimmde01",1998,"Derek Grimm",23,"SAC","SF",9,0,34,4,14,0.286,4,12,0.333,0,2,0,0.429,2,2,1,0,4,4,0,3,1,3,6,14,0,"",0
"410","myerspe01",1998,"Pete Myers",34,"NYK","SG",9,0,40,5,10,0.5,0,0,NA,5,10,0.5,0.5,4,6,0.667,5,5,10,3,4,0,4,7,14,0,"",0
"411","dareyi01",1998,"Yinka Dare",25,"NJN","C",10,0,60,4,18,0.222,0,0,NA,4,18,0.222,0.222,4,8,0.5,10,7,17,1,0,2,2,9,12,0,"",0
"412","hudsotr01",1998,"Troy Hudson",21,"UTA","PG",8,0,23,6,14,0.429,0,3,0,6,11,0.545,0.429,0,0,NA,1,1,2,4,2,0,1,1,12,0,"",0
"413","langan02",1998,"Antonio Lang",25,"MIA","SF",6,0,29,3,5,0.6,0,0,NA,3,5,0.6,0.6,6,8,0.75,2,3,5,1,2,0,4,3,12,0,"",0
"414","webbsp01",1998,"Spud Webb",34,"ORL","PG",4,0,34,5,12,0.417,0,1,0,5,11,0.455,0.417,2,2,1,2,1,3,5,1,0,7,6,12,0,"",0
"415","boothke01",1998,"Keith Booth",23,"CHI","SF",6,0,17,2,6,0.333,0,1,0,2,5,0.4,0.333,6,6,1,2,2,4,1,0,0,3,3,10,0,"",0
"416","breauti01",1998,"Tim Breaux",27,"MIL","SF",6,0,30,4,11,0.364,1,3,0.333,3,8,0.375,0.409,1,2,0.5,0,2,2,2,2,1,1,1,10,0,"",0
"417","grayeje01",1998,"Jeff Grayer",32,"2TM","SG",5,0,34,4,11,0.364,2,6,0.333,2,5,0.4,0.455,0,0,NA,0,4,4,2,2,0,4,7,10,0,"",0
"418","livinra01",1998,"Randy Livingston",22,"ATL","PG",12,0,82,3,12,0.25,0,0,NA,3,12,0.25,0.25,4,5,0.8,1,5,6,5,7,2,6,6,10,0,"",0
"419","legleti01",1998,"Tim Legler",31,"WAS","SG",8,0,76,3,19,0.158,0,6,0,3,13,0.231,0.158,3,4,0.75,2,2,4,3,1,0,4,11,9,0,"",0
"420","motenla01",1998,"Lawrence Moten",25,"WAS","SG",8,0,27,3,13,0.231,0,1,0,3,12,0.25,0.231,3,4,0.75,1,0,1,3,0,0,1,6,9,0,"",0
"421","cunniwi01",1998,"William Cunningham",23,"2TM","C",7,2,39,4,9,0.444,0,0,NA,4,9,0.444,0.444,0,0,NA,4,6,10,1,2,0,0,10,8,0,"",0
"422","chambto01",1998,"Tom Chambers",38,"PHI","PF",1,0,10,2,2,1,0,0,NA,2,2,1,1,2,2,1,0,2,2,0,2,0,1,2,6,0,"",0
"423","hansore01",1998,"Reggie Hanson",29,"BOS","SF",8,0,26,3,6,0.5,0,0,NA,3,6,0.5,0.5,0,0,NA,3,3,6,1,2,1,3,8,6,0,"",0
"424","listeal01",1998,"Alton Lister",39,"POR","C",7,0,44,3,8,0.375,0,0,NA,3,8,0.375,0.375,0,0,NA,2,9,11,1,1,1,2,12,6,0,"",0
"425","roziecl01",1998,"Clifford Rozier",25,"MIN","C",6,0,30,3,6,0.5,0,0,NA,3,6,0.5,0.5,0,1,0,3,3,6,0,0,0,4,7,6,0,"",0
"426","oliveji01",1998,"Jimmy Oliver",28,"WAS","SG",1,0,10,2,4,0.5,1,2,0.5,1,2,0.5,0.625,0,0,NA,0,2,2,1,0,0,0,1,5,0,"",0
"427","salvake01",1998,"Kevin Salvadori",27,"SAC","C",16,0,87,1,13,0.077,0,0,NA,1,13,0.077,0.077,3,6,0.5,5,15,20,3,0,11,5,12,5,0,"",0
"428","davisbe01",1998,"Ben Davis",25,"NYK","PF",7,0,13,2,10,0.2,0,0,NA,2,10,0.2,0.2,0,0,NA,6,0,6,0,1,0,0,3,4,0,"",0
"429","kemptti01",1998,"Tim Kempton",34,"2TM","PF",8,0,47,2,9,0.222,0,0,NA,2,9,0.222,0.222,0,0,NA,4,2,6,3,1,2,4,10,4,0,"",0
"430","sealssh01",1998,"Shea Seals",22,"LAL","SG",4,0,9,1,8,0.125,0,3,0,1,5,0.2,0.125,2,4,0.5,3,1,4,0,1,0,0,1,4,0,"",0
"431","macledo01",1998,"Don MacLean",28,"NJN","SF",9,0,42,1,10,0.1,1,2,0.5,0,8,0,0.15,0,0,NA,3,2,5,0,0,0,2,7,3,0,"",0
"432","stokeed01",1998,"Ed Stokes",26,"TOR","C",4,0,17,1,3,0.333,0,0,NA,1,3,0.333,0.333,1,2,0.5,1,3,4,1,1,2,2,4,3,0,"",0
"433","whitedo01",1998,"Donald Whiteside",28,"ATL","PG",3,0,16,1,2,0.5,0,1,0,1,1,1,0.5,0,2,0,0,1,1,1,0,0,1,0,2,0,"",0
"434","wingfdo01",1998,"Dontonio Wingfield",23,"POR","SF",3,0,9,0,3,0,0,0,NA,0,3,0,0,1,2,0.5,2,2,4,0,0,0,1,2,1,0,"",0
"435","bohanet01",1998,"Etdrick Bohannon",24,"IND","PF",5,0,11,0,4,0,0,0,NA,0,4,0,0,0,0,NA,2,4,6,1,0,2,3,3,0,0,"",0
"436","caldwad01",1998,"Adrian Caldwell",31,"DAL","PF",1,0,3,0,0,NA,0,0,NA,0,0,NA,NA,0,0,NA,0,0,0,0,0,0,0,0,0,0,"",0
"437","higgise01",1998,"Sean Higgins",29,"POR","SF",2,0,12,0,5,0,0,2,0,0,3,0,0,0,0,NA,0,0,0,0,2,0,1,3,0,0,"",0
"438","mccanbo01",1998,"Bob McCann",33,"TOR","SF",1,0,5,0,1,0,0,0,NA,0,1,0,0,0,0,NA,0,1,1,0,0,0,0,1,0,0,"",0
"439","mcdonmi01",1998,"Michael McDonald",28,"CHH","C",1,0,4,0,0,NA,0,0,NA,0,0,NA,NA,0,0,NA,1,0,1,0,0,0,2,1,0,0,"",0
"440","jordami01",1998,"Michael Jordan",34,"CHI","SG",21,21,872,243,526,0.462,13,43,0.302,230,483,0.476,0.474,181,223,0.812,33,74,107,74,32,12,45,47,680,0,"Finals MVP-1",1
"441","malonka01",1998,"Karl Malone",34,"UTA","PF",20,20,795,198,420,0.471,0,3,0,198,417,0.475,0.471,130,165,0.788,47,170,217,68,22,20,60,69,526,0,"",1
"442","onealsh01",1998,"Shaquille O'Neal",25,"LAL","C",13,13,501,158,258,0.612,0,0,NA,158,258,0.612,0.612,80,159,0.503,48,84,132,38,7,34,43,41,396,0,"",1
"443","pippesc01",1998,"Scottie Pippen",32,"CHI","SF",21,21,836,122,294,0.415,18,79,0.228,104,215,0.484,0.446,91,134,0.679,49,101,150,110,45,20,51,66,353,0,"",1
"444","millere01",1998,"Reggie Miller",32,"IND","SG",16,16,628,98,230,0.426,38,95,0.4,60,135,0.444,0.509,85,94,0.904,5,23,28,32,19,3,27,26,319,0,"",1
"445","kukocto01",1998,"Toni Kukoč",29,"CHI","SF",21,17,637,106,218,0.486,23,61,0.377,83,157,0.529,0.539,40,62,0.645,24,57,81,60,26,10,27,57,275,0,"",1
"446","smitsri01",1998,"Rik Smits",31,"IND","C",16,16,476,105,209,0.502,0,1,0,105,208,0.505,0.502,55,64,0.859,17,68,85,20,8,14,21,67,265,0,"",1
"447","paytoga01",1998,"Gary Payton",29,"SEA","PG",10,10,428,87,183,0.475,19,50,0.38,68,133,0.511,0.527,47,50,0.94,9,25,34,70,18,1,26,31,240,0,"",1
"448","stockjo01",1998,"John Stockton",35,"UTA","PG",20,20,596,81,164,0.494,9,26,0.346,72,138,0.522,0.521,51,71,0.718,16,44,60,155,31,3,48,54,222,0,"",1
"449","jonesed02",1998,"Eddie Jones",26,"LAL","SG",13,13,476,69,148,0.466,20,48,0.417,49,100,0.49,0.534,63,76,0.829,12,39,51,32,26,21,17,37,221,0,"",1
"450","russebr01",1998,"Bryon Russell",27,"UTA","SF",20,13,698,69,147,0.469,23,63,0.365,46,84,0.548,0.548,58,81,0.716,12,81,93,22,21,5,17,49,219,0,"",1
"451","hornaje01",1998,"Jeff Hornacek",34,"UTA","SG",20,20,636,74,178,0.416,14,30,0.467,60,148,0.405,0.455,55,65,0.846,7,43,50,64,20,4,32,51,217,0,"",1
"452","houstal01",1998,"Allan Houston",26,"NYK","SG",10,10,403,76,175,0.434,9,23,0.391,67,152,0.441,0.46,50,58,0.862,6,32,38,28,5,1,32,27,211,0,"",1
"453","ricegl01",1998,"Glen Rice",30,"CHH","SF",9,9,369,82,173,0.474,11,36,0.306,71,137,0.518,0.506,30,36,0.833,11,40,51,13,5,3,13,26,205,0,"",1
"454","duncati01",1998,"Tim Duncan",21,"SAS","PF",9,9,374,73,140,0.521,0,1,0,73,139,0.525,0.521,40,60,0.667,20,61,81,17,5,23,25,24,186,0,"",1
"455","robinda01",1998,"David Robinson",32,"SAS","C",9,9,353,57,134,0.425,0,0,NA,57,134,0.425,0.425,61,96,0.635,41,86,127,23,11,30,25,28,175,0,"",1
"456","starkjo01",1998,"John Starks",32,"NYK","SG",10,2,314,59,125,0.472,25,59,0.424,34,66,0.515,0.572,21,24,0.875,4,36,40,23,16,1,11,35,164,0,"",1
"457","schrede01",1998,"Detlef Schrempf",35,"SEA","SF",10,10,375,64,125,0.512,2,14,0.143,62,111,0.559,0.52,31,38,0.816,18,59,77,39,7,1,22,21,161,0,"",1
"458","bakervi01",1998,"Vin Baker",26,"SEA","C",10,10,371,71,134,0.53,0,0,NA,71,134,0.53,0.53,16,38,0.421,41,53,94,18,18,15,22,38,158,0,"",1
"459","johnsav01",1998,"Avery Johnson",32,"SAS","PG",9,9,342,61,101,0.604,0,2,0,61,99,0.616,0.604,34,51,0.667,3,10,13,55,9,0,21,27,156,0,"",1
"460","vanexni01",1998,"Nick Van Exel",26,"LAL","PG",13,0,367,50,151,0.331,22,70,0.314,28,81,0.346,0.404,29,40,0.725,9,23,32,54,8,1,22,30,151,0,"",1
"461","davisan01",1998,"Antonio Davis",29,"IND","PF",16,0,459,42,91,0.462,0,0,NA,42,91,0.462,0.462,63,94,0.67,37,71,108,14,12,18,25,65,147,0,"",1
"462","jacksma01",1998,"Mark Jackson",32,"IND","PG",16,16,494,53,127,0.417,14,37,0.378,39,90,0.433,0.472,27,34,0.794,18,55,73,133,23,0,47,28,147,1,"",1
"463","johnsla02",1998,"Larry Johnson",28,"NYK","SF",8,8,310,52,107,0.486,2,10,0.2,50,97,0.515,0.495,37,50,0.74,25,28,53,13,10,3,25,30,143,0,"",1
"464","foxri01",1998,"Rick Fox",28,"LAL","SF",13,13,428,51,114,0.447,21,53,0.396,30,61,0.492,0.539,19,23,0.826,18,40,58,51,11,3,21,47,142,0,"",1
"465","longllu01",1998,"Luc Longley",29,"CHI","C",18,16,456,54,120,0.45,0,0,NA,54,120,0.45,0.45,34,39,0.872,34,56,90,35,12,15,36,73,142,0,"",1
"466","mullich01",1998,"Chris Mullin",34,"IND","SF",16,16,412,52,113,0.46,20,52,0.385,32,61,0.525,0.549,18,21,0.857,13,44,57,23,15,9,24,32,142,0,"",1
"467","davisda01",1998,"Dale Davis",28,"IND","C",16,16,466,56,86,0.651,0,0,NA,56,86,0.651,0.651,29,64,0.453,44,76,120,12,5,18,21,42,141,0,"",1
"468","harpero01",1998,"Ron Harper",34,"CHI","PG",21,21,563,56,122,0.459,5,19,0.263,51,103,0.495,0.48,24,39,0.615,22,55,77,48,20,18,18,42,141,0,"",1
"469","masonan01",1998,"Anthony Mason",31,"CHH","PF",9,9,367,57,99,0.576,0,1,0,57,98,0.582,0.576,25,42,0.595,17,54,71,31,8,0,22,17,139,0,"",1
"470","andersh01",1998,"Shandon Anderson",24,"UTA","SG",20,0,378,53,103,0.515,3,11,0.273,50,92,0.543,0.529,25,37,0.676,26,37,63,19,5,1,30,30,134,0,"",1
"471","hawkihe01",1998,"Hersey Hawkins",31,"SEA","SG",10,10,337,41,88,0.466,17,43,0.395,24,45,0.533,0.563,35,40,0.875,17,40,57,36,18,1,9,24,134,0,"",1
"472","hardati01",1998,"Tim Hardaway",31,"MIA","PG",5,5,222,42,94,0.447,17,39,0.436,25,55,0.455,0.537,29,37,0.784,3,14,17,33,6,0,18,9,130,0,"",1
"473","roseja01",1998,"Jalen Rose",25,"IND","SF",15,0,293,48,100,0.48,6,16,0.375,42,84,0.5,0.51,20,27,0.741,1,26,27,28,11,6,25,37,122,0,"",1
"474","eisleho01",1998,"Howard Eisley",25,"UTA","PG",20,0,366,46,125,0.368,8,27,0.296,38,98,0.388,0.4,12,13,0.923,4,36,40,81,12,5,31,42,112,0,"",1
"475","horryro01",1998,"Robert Horry",27,"LAL","PF",13,13,422,39,70,0.557,6,17,0.353,33,53,0.623,0.6,28,41,0.683,34,50,84,40,14,14,18,45,112,0,"",1
"476","divacvl01",1998,"Vlade Divac",29,"CHH","C",9,9,345,42,87,0.483,0,1,0,42,86,0.488,0.483,20,33,0.606,25,73,98,31,7,14,22,34,104,0,"",1
"477","kempsh01",1998,"Shawn Kemp",28,"CLE","PF",4,4,152,33,71,0.465,0,0,NA,33,71,0.465,0.465,38,45,0.844,16,25,41,8,5,4,16,12,104,0,"",1
"478","kerrst01",1998,"Steve Kerr",32,"CHI","PG",21,0,415,33,76,0.434,19,41,0.463,14,35,0.4,0.559,18,22,0.818,8,9,17,35,7,0,5,26,103,0,"",1
"479","olajuha01",1998,"Hakeem Olajuwon",35,"HOU","C",5,5,190,39,99,0.394,0,1,0,39,98,0.398,0.394,24,33,0.727,9,45,54,12,5,16,13,18,102,0,"",1
"480","rodmade01",1998,"Dennis Rodman",36,"CHI","PF",21,9,722,39,105,0.371,1,4,0.25,38,101,0.376,0.376,23,38,0.605,99,149,248,41,14,13,35,88,102,0,"",1
"481","smithst01",1998,"Steve Smith",28,"ATL","SG",4,4,160,39,68,0.574,10,20,0.5,29,48,0.604,0.647,11,16,0.688,2,9,11,9,2,3,5,17,99,0,"",1
"482","besttr01",1998,"Travis Best",25,"IND","PG",16,0,280,27,72,0.375,5,18,0.278,22,54,0.407,0.41,38,43,0.884,1,15,16,31,11,3,19,36,97,0,"",1
"483","bryanko01",1998,"Kobe Bryant",19,"LAL","SF",11,0,220,31,76,0.408,3,14,0.214,28,62,0.452,0.428,31,45,0.689,7,14,21,16,3,8,11,28,96,0,"",1
"484","delnevi01",1998,"Vinny Del Negro",31,"SAS","SG",9,3,283,39,81,0.481,2,10,0.2,37,71,0.521,0.494,16,17,0.941,2,22,24,29,8,0,13,30,96,0,"",1
"485","jacksja01",1998,"Jaren Jackson",30,"SAS","SG",9,8,319,30,88,0.341,18,59,0.305,12,29,0.414,0.443,14,19,0.737,4,35,39,14,5,1,12,31,92,0,"",1
"486","wesleda01",1998,"David Wesley",27,"CHH","PG",9,9,285,33,83,0.398,9,21,0.429,24,62,0.387,0.452,15,21,0.714,5,13,18,60,7,0,19,25,90,0,"",1
"487","carran01",1998,"Antoine Carr",36,"UTA","PF",20,0,292,41,90,0.456,0,0,NA,41,90,0.456,0.456,6,8,0.75,16,25,41,11,1,12,9,63,88,0,"",1
"488","fostegr01",1998,"Greg Foster",29,"UTA","C",20,16,335,39,86,0.453,1,2,0.5,38,84,0.452,0.459,3,5,0.6,20,47,67,5,2,5,18,55,82,0,"",1
"489","oaklech01",1998,"Charles Oakley",34,"NYK","PF",10,10,342,29,71,0.408,0,0,NA,29,71,0.408,0.408,23,25,0.92,21,64,85,14,11,2,13,38,81,0,"",1
"490","peelean01",1998,"Anthony Peeler",28,"MIN","SG",5,5,213,31,77,0.403,15,31,0.484,16,46,0.348,0.5,4,4,1,16,22,38,18,10,3,8,15,81,0,"",1
"491","burresc01",1998,"Scott Burrell",27,"CHI","SF",21,0,261,32,73,0.438,6,20,0.3,26,53,0.491,0.479,10,11,0.909,11,32,43,10,19,3,11,33,80,0,"",1
"492","garneke01",1998,"Kevin Garnett",21,"MIN","PF",5,5,194,36,75,0.48,0,0,NA,36,75,0.48,0.48,7,9,0.778,17,31,48,20,4,12,22,17,79,0,"",1
"493","portete01",1998,"Terry Porter",34,"MIN","PG",5,4,188,27,63,0.429,10,25,0.4,17,38,0.447,0.508,15,18,0.833,7,18,25,16,5,0,4,10,79,0,"",1
"494","fishede01",1998,"Derek Fisher",23,"LAL","PG",13,13,278,27,68,0.397,6,20,0.3,21,48,0.438,0.441,18,29,0.621,2,23,25,49,17,0,15,33,78,0,"",1
"495","kerseje01",1998,"Jerome Kersey",35,"SEA","SF",10,5,213,31,72,0.431,0,3,0,31,69,0.449,0.431,16,19,0.842,17,23,40,9,10,10,13,32,78,0,"",1
"496","morrich01",1998,"Chris Morris",32,"UTA","SF",17,0,240,28,69,0.406,7,23,0.304,21,46,0.457,0.457,14,20,0.7,8,39,47,10,5,3,8,38,77,0,"",1
"497","mournal01",1998,"Alonzo Mourning",27,"MIA","C",4,4,138,29,56,0.518,0,0,NA,29,56,0.518,0.518,19,29,0.655,10,24,34,5,3,10,8,18,77,0,"",1
"498","rideris01",1998,"Isaiah Rider",26,"POR","SG",4,4,166,28,67,0.418,1,11,0.091,27,56,0.482,0.425,20,26,0.769,7,13,20,17,5,0,16,11,77,0,"",1
"499","drexlcl01",1998,"Clyde Drexler",35,"HOU","SG",5,5,182,21,68,0.309,5,26,0.192,16,42,0.381,0.346,28,37,0.757,9,18,27,23,8,3,13,15,75,0,"",1
"500","lenarvo01",1998,"Voshon Lenard",24,"MIA","SG",5,5,186,24,52,0.462,9,26,0.346,15,26,0.577,0.548,15,20,0.75,1,18,19,7,1,2,11,20,72,0,"",1
"501","mitchsa01",1998,"Sam Mitchell",34,"MIN","SF",5,5,177,26,58,0.448,3,14,0.214,23,44,0.523,0.474,17,19,0.895,7,20,27,8,1,1,5,18,72,0,"",1
"502","mcdyean01",1998,"Antonio McDyess",23,"PHO","PF",4,4,147,31,65,0.477,0,0,NA,31,65,0.477,0.477,9,14,0.643,18,35,53,4,2,6,5,12,71,0,"",1
"503","stoudda01",1998,"Damon Stoudamire",24,"POR","PG",4,4,166,25,63,0.397,8,22,0.364,17,41,0.415,0.46,13,13,1,6,11,17,38,5,1,16,13,71,0,"",1
"504","ilgauzy01",1998,"Zydrunas Ilgauskas",22,"CLE","C",4,4,147,28,49,0.571,0,0,NA,28,49,0.571,0.571,13,25,0.52,14,16,30,2,2,5,10,22,69,0,"",1
"505","marbust01",1998,"Stephon Marbury",20,"MIN","PG",5,5,209,22,72,0.306,7,25,0.28,15,47,0.319,0.354,18,23,0.783,5,11,16,38,12,0,18,16,69,0,"",1
"506","campbel01",1998,"Elden Campbell",29,"LAL","PF",13,0,180,23,51,0.451,0,0,NA,23,51,0.451,0.451,22,34,0.647,17,28,45,8,3,12,13,27,68,0,"",1
"507","mckeyde01",1998,"Derrick McKey",31,"IND","SF",15,0,284,23,69,0.333,3,10,0.3,20,59,0.339,0.355,18,23,0.783,8,32,40,11,9,8,11,50,67,0,"",1
"508","wardch01",1998,"Charlie Ward",27,"NYK","PG",10,10,261,23,55,0.418,9,21,0.429,14,34,0.412,0.5,11,16,0.688,3,25,28,60,20,2,17,24,66,0,"",1
"509","ostergr01",1998,"Greg Ostertag",24,"UTA","C",19,1,336,26,46,0.565,0,0,NA,26,46,0.565,0.565,12,25,0.48,25,56,81,5,7,37,12,51,64,0,"",1
"510","childch01",1998,"Chris Childs",30,"NYK","PG",10,0,254,24,58,0.414,4,13,0.308,20,45,0.444,0.448,11,15,0.733,5,20,25,33,6,0,23,29,63,0,"",1
"511","blaylmo01",1998,"Mookie Blaylock",30,"ATL","PG",4,4,153,22,53,0.415,8,27,0.296,14,26,0.538,0.491,7,12,0.583,6,14,20,33,9,1,9,8,59,0,"",1
"512","wallara01",1998,"Rasheed Wallace",23,"POR","PF",4,4,157,23,47,0.489,4,5,0.8,19,42,0.452,0.532,8,16,0.5,7,12,19,11,2,2,5,16,58,0,"",1
"513","kiddja01",1998,"Jason Kidd",24,"PHO","PG",4,4,171,22,58,0.379,0,7,0,22,51,0.431,0.379,13,16,0.813,5,18,23,31,16,2,12,13,57,0,"",1
"514","mccloge01",1998,"George McCloud",30,"PHO","SF",4,3,126,21,41,0.512,12,21,0.571,9,20,0.45,0.659,3,4,0.75,2,17,19,8,1,1,6,15,57,0,"",1
"515","phillbo01",1998,"Bobby Phills",28,"CHH","SG",9,9,269,25,64,0.391,5,17,0.294,20,47,0.426,0.43,2,8,0.25,4,19,23,24,10,2,13,24,57,0,"",1
"516","ellisda01",1998,"Dale Ellis",37,"SEA","SF",10,0,170,20,53,0.377,11,26,0.423,9,27,0.333,0.481,5,6,0.833,4,9,13,6,2,0,2,10,56,0,"",1
"517","ewingpa01",1998,"Patrick Ewing",35,"NYK","C",4,4,132,20,56,0.357,0,0,NA,20,56,0.357,0.357,16,27,0.593,9,23,32,5,3,5,10,16,56,0,"",1
"518","willike02",1998,"Kevin Willis",35,"HOU","PF",5,5,168,22,55,0.4,0,1,0,22,54,0.407,0.4,12,16,0.75,18,35,53,5,8,3,12,21,56,0,"",1
"519","douglsh01",1998,"Sherman Douglas",31,"NJN","PG",3,2,125,23,44,0.523,2,5,0.4,21,39,0.538,0.545,7,10,0.7,1,7,8,25,6,0,13,5,55,0,"",1
"520","johnske02",1998,"Kevin Johnson",31,"PHO","PG",4,1,122,23,42,0.548,1,4,0.25,22,38,0.579,0.56,8,12,0.667,2,7,9,19,2,1,6,6,55,0,"",1
"521","perkisa01",1998,"Sam Perkins",36,"SEA","PF",10,1,210,16,42,0.381,10,24,0.417,6,18,0.333,0.5,12,20,0.6,6,26,32,14,3,5,11,22,54,0,"",1
"522","grantbr01",1998,"Brian Grant",25,"POR","SF",4,4,135,19,36,0.528,0,0,NA,19,36,0.528,0.528,15,18,0.833,18,25,43,6,4,3,5,20,53,0,"",1
"523","williwa02",1998,"Walt Williams",27,"POR","SF",4,0,102,17,31,0.548,8,15,0.533,9,16,0.563,0.677,11,14,0.786,3,11,14,9,1,0,1,18,53,0,"",1
"524","curryde01",1998,"Dell Curry",33,"CHH","SG",9,0,171,21,52,0.404,4,16,0.25,17,36,0.472,0.442,6,7,0.857,6,13,19,10,7,3,5,21,52,0,"",1
"525","persoch01",1998,"Chuck Person",33,"SAS","PF",9,0,196,18,53,0.34,14,40,0.35,4,13,0.308,0.472,2,2,1,0,27,27,7,4,0,6,15,52,0,"",1
"526","hendeal01",1998,"Alan Henderson",25,"ATL","PF",4,4,126,20,38,0.526,0,1,0,20,37,0.541,0.526,11,18,0.611,10,12,22,4,3,1,6,13,51,0,"",1
"527","kittlke01",1998,"Kerry Kittles",23,"NJN","SG",3,3,126,17,40,0.425,5,13,0.385,12,27,0.444,0.488,10,11,0.909,0,15,15,8,4,2,7,12,49,0,"",1
"528","sabonar01",1998,"Arvydas Sabonis",33,"POR","C",4,4,107,18,40,0.45,1,2,0.5,17,38,0.447,0.463,12,14,0.857,7,24,31,6,7,3,10,19,49,0,"",1
"529","murdoer01",1998,"Eric Murdock",29,"MIA","PG",5,0,125,11,32,0.344,2,9,0.222,9,23,0.391,0.375,23,28,0.821,3,17,20,15,7,0,4,11,47,0,"",1
"530","brownpj01",1998,"P.J. Brown",28,"MIA","PF",5,5,190,19,37,0.514,0,0,NA,19,37,0.514,0.514,8,22,0.364,15,29,44,4,7,3,6,22,46,0,"",1
"531","gatlich01",1998,"Chris Gatling",30,"NJN","PF",3,1,81,19,38,0.5,0,0,NA,19,38,0.5,0.5,8,12,0.667,6,4,10,2,2,2,3,9,46,0,"",1
"532","millsch01",1998,"Chris Mills",28,"NYK","SF",9,2,168,15,35,0.429,4,10,0.4,11,25,0.44,0.486,10,12,0.833,8,19,27,5,8,2,6,21,44,0,"",1
"533","wennibi01",1998,"Bill Wennington",34,"CHI","C",16,0,119,20,38,0.526,0,0,NA,20,38,0.526,0.526,4,8,0.5,3,11,14,3,6,2,8,23,44,0,"",1
"534","anderde01",1998,"Derek Anderson",23,"CLE","SF",4,0,103,10,22,0.455,0,0,NA,10,22,0.455,0.455,23,26,0.885,0,9,9,11,5,1,12,10,43,0,"",1
"535","gillke01",1998,"Kendall Gill",29,"NJN","SF",3,3,100,18,40,0.45,0,0,NA,18,40,0.45,0.45,7,8,0.875,3,10,13,3,4,1,4,15,43,0,"",1
"536","bryanma01",1998,"Mark Bryant",32,"PHO","C",4,1,93,17,34,0.5,0,0,NA,17,34,0.5,0.5,6,12,0.5,9,14,23,1,4,2,3,16,40,0,"",1
"537","laettch01",1998,"Christian Laettner",28,"ATL","PF",4,0,87,12,35,0.343,0,3,0,12,32,0.375,0.343,15,17,0.882,3,14,17,4,6,1,8,16,39,0,"",1
"538","vanhoke01",1998,"Keith Van Horn",22,"NJN","PF",3,3,77,13,29,0.448,0,2,0,13,27,0.481,0.448,12,15,0.8,2,7,9,1,0,0,2,7,38,0,"",1
"539","armstbj01",1998,"B.J. Armstrong",30,"CHH","PG",9,0,146,16,42,0.381,2,5,0.4,14,37,0.378,0.405,3,4,0.75,2,8,10,18,6,0,6,11,37,0,"",1
"540","barklch01",1998,"Charles Barkley",34,"HOU","PF",4,0,87,12,23,0.522,0,2,0,12,21,0.571,0.522,12,21,0.571,5,16,21,4,5,0,6,12,36,0,"",1
"541","hammoto01",1998,"Tom Hammonds",30,"MIN","PF",5,1,113,12,28,0.429,0,0,NA,12,28,0.429,0.429,12,16,0.75,10,12,22,2,0,1,4,18,36,0,"",1
"542","perduwi01",1998,"Will Perdue",32,"SAS","C",9,7,191,9,27,0.333,0,0,NA,9,27,0.333,0.333,18,21,0.857,24,36,60,1,6,9,11,26,36,0,"",1
"543","eliema01",1998,"Mario Elie",34,"HOU","SF",5,1,133,12,27,0.444,3,9,0.333,9,18,0.5,0.5,6,9,0.667,3,10,13,6,2,0,5,10,33,0,"",1
"544","malonma01",1998,"Matt Maloney",26,"HOU","PG",5,5,165,10,30,0.333,5,20,0.25,5,10,0.5,0.417,8,9,0.889,0,8,8,18,2,2,4,11,33,0,"",1
"545","anthogr01",1998,"Greg Anthony",30,"SEA","PG",9,0,118,12,40,0.3,5,19,0.263,7,21,0.333,0.363,3,8,0.375,3,7,10,10,5,1,11,17,32,0,"",1
"546","cummite01",1998,"Terry Cummings",36,"NYK","PF",8,1,120,15,34,0.441,0,0,NA,15,34,0.441,0.441,2,8,0.25,11,24,35,5,4,2,7,23,32,0,"",1
"547","mutomdi01",1998,"Dikembe Mutombo",31,"ATL","C",4,4,136,11,24,0.458,0,0,NA,11,24,0.458,0.458,10,16,0.625,13,38,51,1,1,9,8,10,32,0,"",1
"548","persowe01",1998,"Wesley Person",26,"CLE","SG",4,4,136,11,29,0.379,7,19,0.368,4,10,0.4,0.5,3,4,0.75,2,7,9,10,3,0,1,5,32,0,"",1
"549","blounco01",1998,"Corie Blount",29,"LAL","PF",12,0,209,12,24,0.5,0,0,NA,12,24,0.5,0.5,7,11,0.636,24,40,64,7,6,4,3,27,31,0,"",1
"550","keefead01",1998,"Adam Keefe",27,"UTA","C",15,10,154,10,29,0.345,0,0,NA,10,29,0.345,0.345,11,17,0.647,13,21,34,2,4,2,3,18,31,0,"",1
"551","mashbja01",1998,"Jamal Mashburn",25,"MIA","SF",5,3,129,12,45,0.267,4,11,0.364,8,34,0.235,0.311,3,4,0.75,4,18,22,9,3,1,9,21,31,0,"",1
"552","hendece02",1998,"Cedric Henderson",22,"CLE","SF",4,4,157,11,28,0.393,0,1,0,11,27,0.407,0.393,8,13,0.615,4,13,17,11,6,0,13,14,30,0,"",1
"553","reidjr01",1998,"J.R. Reid",29,"CHH","PF",9,0,114,11,28,0.393,0,1,0,11,27,0.407,0.393,8,10,0.8,7,13,20,2,3,2,11,23,30,0,"",1
"554","recasel01",1998,"Eldridge Recasner",30,"ATL","SG",4,0,89,10,25,0.4,7,12,0.583,3,13,0.231,0.54,2,2,1,0,4,4,8,2,0,2,7,29,0,"",1
"555","johnsed03",1998,"Eddie Johnson",38,"HOU","SF",5,0,89,9,27,0.333,3,10,0.3,6,17,0.353,0.389,7,8,0.875,4,4,8,1,0,0,3,10,28,0,"",1
"556","catoke01",1998,"Kelvin Cato",23,"POR","C",4,0,58,9,17,0.529,0,1,0,9,16,0.563,0.529,8,11,0.727,3,9,12,1,1,7,4,12,26,0,"",1
"557","robincl02",1998,"Clifford Robinson",31,"PHO","SF",4,4,92,9,33,0.273,0,1,0,9,32,0.281,0.273,7,9,0.778,6,6,12,3,3,2,5,19,25,0,"",1
"558","nashst01",1998,"Steve Nash",23,"PHO","PG",4,1,51,8,18,0.444,1,5,0.2,7,13,0.538,0.472,5,8,0.625,2,8,10,7,2,0,3,7,22,0,"",1
"559","willija01",1998,"Jayson Williams",29,"NJN","C",3,2,116,9,21,0.429,0,0,NA,9,21,0.429,0.429,3,6,0.5,20,22,42,5,2,3,2,8,21,0,"",1
"560","willimi02",1998,"Micheal Williams",31,"MIN","PG",4,0,58,6,15,0.4,1,2,0.5,5,13,0.385,0.433,7,9,0.778,2,7,9,11,3,1,3,14,20,0,"",1
"561","pricebr01",1998,"Brent Price",29,"HOU","PG",5,0,75,6,15,0.4,5,13,0.385,1,2,0.5,0.567,2,3,0.667,1,8,9,6,4,0,6,12,19,0,"",1
"562","chapmre01",1998,"Rex Chapman",30,"PHO","SG",2,2,58,6,23,0.261,0,5,0,6,18,0.333,0.261,6,7,0.857,0,0,0,4,2,0,2,1,18,0,"",1
"563","knighbr01",1998,"Brevin Knight",22,"CLE","PG",4,4,132,6,21,0.286,0,0,NA,6,21,0.286,0.286,6,10,0.6,0,16,16,23,10,1,8,16,18,0,"",1
"564","seikaro01",1998,"Rony Seikaly",32,"NJN","C",3,0,37,7,9,0.778,0,0,NA,7,9,0.778,0.778,4,6,0.667,3,6,9,0,1,0,4,4,18,0,"",1
"565","bullama01",1998,"Matt Bullard",30,"HOU","SF",5,4,70,6,18,0.333,3,10,0.3,3,8,0.375,0.417,2,2,1,3,5,8,5,1,0,0,5,17,0,"",1
"566","potapvi01",1998,"Vitaly Potapenko",22,"CLE","C",4,0,70,6,15,0.4,0,0,NA,6,15,0.4,0.4,5,10,0.5,3,8,11,3,2,0,6,8,17,0,"",1
"567","scottde01",1998,"Dennis Scott",29,"PHO","SF",4,0,62,7,17,0.412,3,8,0.375,4,9,0.444,0.5,0,0,NA,2,6,8,1,1,0,2,2,17,0,"",1
"568","brownch01",1998,"Chucky Brown",29,"ATL","SF",4,0,50,7,15,0.467,1,2,0.5,6,13,0.462,0.5,1,2,0.5,1,5,6,4,0,0,2,5,16,0,"",1
"569","harriot01",1998,"Othella Harrington",24,"HOU","PF",3,0,23,6,12,0.5,0,1,0,6,11,0.545,0.5,4,5,0.8,3,4,7,0,0,1,0,1,16,0,"",1
"570","mcmilna01",1998,"Nate McMillan",33,"SEA","SG",7,0,99,6,18,0.333,2,12,0.167,4,6,0.667,0.389,2,2,1,2,14,16,15,3,2,2,17,16,0,"",1
"571","simpkdi01",1998,"Dickey Simpkins",25,"CHI","PF",13,0,74,6,16,0.375,0,0,NA,6,16,0.375,0.375,4,9,0.444,4,9,13,3,2,1,3,10,16,0,"",1
"572","beckco01",1998,"Corey Beck",26,"CHH","PG",6,0,26,6,12,0.5,1,2,0.5,5,10,0.5,0.542,2,2,1,1,0,1,0,4,0,3,4,15,0,"",1
"573","corbity01",1998,"Tyrone Corbin",35,"ATL","SF",4,4,113,7,25,0.28,1,6,0.167,6,19,0.316,0.3,0,0,NA,3,12,15,4,6,1,3,10,15,0,"",1
"574","willibu01",1998,"Buck Williams",37,"NYK","PF",3,0,45,4,9,0.444,0,0,NA,4,9,0.444,0.444,6,8,0.75,7,9,16,1,0,1,3,5,14,0,"",1
"575","mcilvji01",1998,"Jim McIlvaine",25,"SEA","C",6,4,59,6,20,0.3,0,1,0,6,19,0.316,0.3,1,2,0.5,7,3,10,1,2,6,1,22,13,0,"",1
"576","jordare01",1998,"Reggie Jordan",30,"MIN","SG",2,0,29,5,8,0.625,1,1,1,4,7,0.571,0.688,1,2,0.5,3,6,9,3,1,0,0,5,12,0,"",1
"577","willimo01",1998,"Monty Williams",26,"SAS","SF",5,0,28,5,8,0.625,0,0,NA,5,8,0.625,0.625,2,3,0.667,2,4,6,1,0,0,4,2,12,0,"",1
"578","buechju01",1998,"Jud Buechler",29,"CHI","SF",16,0,64,4,11,0.364,3,5,0.6,1,6,0.167,0.5,0,0,NA,4,7,11,3,3,1,1,7,11,0,"",1
"579","rosema01",1998,"Malik Rose",23,"SAS","PF",5,0,18,4,6,0.667,0,0,NA,4,6,0.667,0.667,2,4,0.5,3,4,7,1,1,0,4,2,10,0,"",1
"580","brownra02",1998,"Randy Brown",29,"CHI","PG",14,0,71,2,12,0.167,0,0,NA,2,12,0.167,0.167,5,6,0.833,3,6,9,9,2,0,7,6,9,0,"",1
"581","gearyre01",1998,"Reggie Geary",24,"SAS","PG",7,0,46,3,7,0.429,1,4,0.25,2,3,0.667,0.5,2,4,0.5,0,2,2,6,1,0,2,10,9,0,"",1
"582","harrilu01",1998,"Lucious Harris",27,"NJN","SG",3,0,52,2,6,0.333,0,2,0,2,4,0.5,0.333,5,6,0.833,1,7,8,1,2,0,2,11,9,0,"",1
"583","hoibefr01",1998,"Fred Hoiberg",25,"IND","SG",2,0,20,3,8,0.375,1,2,0.5,2,6,0.333,0.438,2,2,1,1,3,4,1,1,0,0,2,9,0,"",1
"584","majerda01",1998,"Dan Majerle",32,"MIA","SG",2,2,62,3,8,0.375,2,6,0.333,1,2,0.5,0.5,1,2,0.5,1,4,5,5,4,1,1,3,9,0,"",1
"585","popema01",1998,"Mark Pope",25,"IND","SF",7,0,42,4,6,0.667,0,1,0,4,5,0.8,0.667,1,1,1,2,3,5,1,1,0,1,8,9,0,"",1
"586","royaldo01",1998,"Donald Royal",31,"CHH","SF",4,0,28,3,7,0.429,0,0,NA,3,7,0.429,0.429,3,4,0.75,0,4,4,1,0,0,1,4,9,0,"",1
"587","stricma01",1998,"Mark Strickland",27,"MIA","PF",3,0,28,4,5,0.8,0,0,NA,4,5,0.8,0.8,1,2,0.5,2,5,7,0,0,1,0,4,9,0,"",1
"588","dudlech02",1998,"Chris Dudley",32,"NYK","C",6,3,53,3,9,0.333,0,0,NA,3,9,0.333,0.333,2,4,0.5,6,12,18,0,2,1,2,16,8,0,"",1
"589","millean01",1998,"Anthony Miller",26,"ATL","PF",4,0,33,3,8,0.375,0,0,NA,3,8,0.375,0.375,2,2,1,5,4,9,1,2,1,3,5,8,0,"",1
"590","wingada01",1998,"David Wingate",34,"SEA","SG",3,0,13,2,5,0.4,0,0,NA,2,5,0.4,0.4,4,6,0.667,2,2,4,2,1,0,1,1,8,0,"",1
"591","conloma01",1998,"Marty Conlon",30,"MIA","C",3,0,46,3,7,0.429,0,0,NA,3,7,0.429,0.429,1,2,0.5,1,3,4,3,1,1,6,7,7,0,"",1
"592","vaughja01",1998,"Jacque Vaughn",22,"UTA","PG",7,0,24,2,10,0.2,1,2,0.5,1,8,0.125,0.25,2,2,1,0,3,3,4,0,0,4,0,7,0,"",1
"593","cassesa01",1998,"Sam Cassell",28,"NJN","PG",3,1,26,3,9,0.333,0,0,NA,3,9,0.333,0.333,0,0,NA,1,2,3,5,0,1,2,7,6,0,"",1
"594","rhodero01",1998,"Rodrick Rhodes",24,"HOU","SF",3,0,7,2,3,0.667,0,0,NA,2,3,0.667,0.667,2,4,0.5,0,1,1,0,1,0,1,0,6,0,"",1
"595","williho01",1998,"Hot Rod Williams",35,"PHO","C",3,0,33,2,7,0.286,0,0,NA,2,7,0.286,0.286,2,3,0.667,2,2,4,1,0,2,0,8,6,0,"",1
"596","askinke01",1998,"Keith Askins",30,"MIA","SF",4,0,58,2,7,0.286,1,5,0.2,1,2,0.5,0.357,0,0,NA,1,6,7,1,2,0,1,9,5,0,"",1
"597","augmost01",1998,"Stacey Augmon",29,"POR","SG",4,0,28,2,4,0.5,0,0,NA,2,4,0.5,0.5,1,2,0.5,1,2,3,1,2,1,2,2,5,0,"",1
"598","grantga01",1998,"Gary Grant",32,"POR","PG",4,0,27,2,7,0.286,1,4,0.25,1,3,0.333,0.357,0,0,NA,2,3,5,7,1,1,2,2,5,0,"",1
"599","willitr01",1998,"Travis Williams",28,"CHH","SF",4,0,18,1,3,0.333,0,0,NA,1,3,0.333,0.333,3,4,0.75,1,4,5,0,1,1,0,3,5,0,"",1
"600","bennema01",1998,"Mario Bennett",24,"LAL","PF",4,0,10,1,2,0.5,0,0,NA,1,2,0.5,0.5,2,2,1,2,4,6,0,0,1,0,2,4,0,"",1
"601","bowiean01",1998,"Anthony Bowie",34,"NYK","SG",7,0,23,2,4,0.5,0,0,NA,2,4,0.5,0.5,0,0,NA,0,0,0,1,1,0,1,4,4,0,"",1
"602","milicma01",1998,"Marko Milič",20,"PHO","SF",2,0,4,2,3,0.667,0,0,NA,2,3,0.667,0.667,0,0,NA,0,1,1,0,1,0,0,1,4,0,"",1
"603","millste01",1998,"Terry Mills",30,"MIA","PF",2,0,11,1,5,0.2,1,4,0.25,0,1,0,0.3,1,2,0.5,0,3,3,0,0,0,0,3,4,0,"",1
"604","rooksse01",1998,"Sean Rooks",28,"LAL","C",4,0,11,2,6,0.333,0,0,NA,2,6,0.333,0.333,0,0,NA,1,0,1,0,0,3,0,2,4,0,"",1
"605","surabo01",1998,"Bob Sura",24,"CLE","SG",3,0,31,1,5,0.2,0,2,0,1,3,0.333,0.2,2,3,0.667,0,3,3,4,1,0,2,4,4,0,"",1
"606","westma01",1998,"Mark West",37,"IND","C",4,0,11,1,2,0.5,0,0,NA,1,2,0.5,0.5,1,3,0.333,1,0,1,0,0,0,0,4,3,0,"",1
"607","brooksc01",1998,"Scott Brooks",32,"CLE","PG",1,0,8,0,1,0,0,0,NA,0,1,0,0,2,2,1,0,0,0,2,0,0,0,1,2,0,"",1
"608","crawfch01",1998,"Chris Crawford",22,"ATL","PF",1,0,4,0,0,NA,0,0,NA,0,0,NA,NA,2,2,1,1,1,2,0,0,1,2,2,2,0,"",1
"609","geigema01",1998,"Matt Geiger",28,"CHH","C",4,0,22,1,6,0.167,0,0,NA,1,6,0.167,0.167,0,0,NA,3,2,5,1,0,0,1,2,2,0,"",1
"610","herreca01",1998,"Carl Herrera",31,"SAS","PF",5,0,25,1,3,0.333,0,0,NA,1,3,0.333,0.333,0,0,NA,0,4,4,1,0,0,1,4,2,0,"",1
"611","jonesch01",1998,"Charles Jones",40,"HOU","PF",4,0,11,0,0,NA,0,0,NA,0,0,NA,NA,2,2,1,1,2,3,1,0,0,0,4,2,0,"",1
"612","listeal01",1998,"Alton Lister",39,"POR","C",2,0,11,1,3,0.333,0,0,NA,1,3,0.333,0.333,0,0,NA,1,1,2,0,0,1,2,5,2,0,"",1
"613","scottsh01",1998,"Shawnelle Scott",25,"CLE","C",1,0,3,1,2,0.5,0,0,NA,1,2,0.5,0.5,0,0,NA,0,0,0,0,0,1,1,0,2,0,"",1
"614","thomaca01",1998,"Carl Thomas",28,"CLE","SG",1,0,11,0,1,0,0,0,NA,0,1,0,0,2,3,0.667,1,0,1,0,0,0,0,2,2,0,"",1
"615","wheatde01",1998,"DeJuan Wheat",24,"MIN","PG",1,0,3,1,2,0.5,0,0,NA,1,2,0.5,0.5,0,0,NA,0,1,1,0,1,0,0,0,2,0,"",1
"616","williaa01",1998,"Aaron Williams",26,"SEA","PF",3,0,7,0,3,0,0,0,NA,0,3,0,0,2,2,1,1,0,1,0,0,1,1,0,2,0,"",1
"617","roberst01",1998,"Stanley Roberts",27,"MIN","C",1,0,8,0,1,0,0,0,NA,0,1,0,0,1,2,0.5,1,1,2,0,0,0,1,0,1,0,"",1
"618","andergr01",1998,"Greg Anderson",33,"ATL","C",1,0,4,0,0,NA,0,0,NA,0,0,NA,NA,0,2,0,0,2,2,0,0,1,1,1,0,0,"",1
"619","barrydr01",1998,"Drew Barry",24,"ATL","PG",2,0,5,0,1,0,0,1,0,0,0,NA,0,0,0,NA,0,1,1,0,0,0,0,0,0,0,"",1
"620","barryjo01",1998,"Jon Barry",28,"LAL","SG",7,0,18,0,8,0,0,5,0,0,3,0,0,0,0,NA,0,2,2,0,1,0,0,1,0,0,"",1
"621","brownmi01",1998,"Mike Brown",34,"PHO","",1,0,1,0,0,NA,0,0,NA,0,0,NA,NA,0,0,NA,0,0,0,0,0,0,0,0,0,0,"",1
"622","causwdu01",1998,"Duane Causwell",29,"MIA","C",1,1,5,0,0,NA,0,0,NA,0,0,NA,NA,0,0,NA,0,2,2,0,0,0,1,0,0,0,"",1
"623","curlebi01",1998,"Bill Curley",25,"MIN","PF",2,0,7,0,0,NA,0,0,NA,0,0,NA,NA,0,0,NA,0,0,0,0,0,0,0,0,0,0,"",1
"624","evansbr01",1998,"Brian Evans",24,"NJN","SF",3,0,4,0,0,NA,0,0,NA,0,0,NA,NA,0,0,NA,0,1,1,0,0,0,0,0,0,0,"",1
"625","ferryda01",1998,"Danny Ferry",31,"CLE","PF",3,0,10,0,2,0,0,2,0,0,0,NA,0,0,0,NA,0,1,1,0,0,0,0,1,0,0,"",1
"626","lohaubr01",1998,"Brad Lohaus",33,"SAS","PF",4,0,10,0,1,0,0,0,NA,0,1,0,0,0,0,NA,0,2,2,1,1,0,0,0,0,0,"",1
"627","onealje01",1998,"Jermaine O'Neal",19,"POR","PF",1,0,3,0,3,0,0,1,0,0,2,0,0,0,0,NA,1,0,1,0,0,2,0,1,0,0,"",1
"628","parksch02",1998,"Cherokee Parks",25,"MIN","C",1,0,1,0,0,NA,0,0,NA,0,0,NA,NA,0,0,NA,0,0,0,0,0,0,0,0,0,0,"",1
"629","vaughda02",1998,"David Vaughn",24,"NJN","PF",1,0,1,0,0,NA,0,0,NA,0,0,NA,NA,0,0,NA,0,0,0,0,0,1,0,0,0,0,"",1
