"","key","Year","Player","Age","Team","Pos","Dist.","X0.3A","X0.3M","X3.10A","X3.10M","X10.16A","X10.16M","X16.3A","X16.3M","Playoffs"
"1","mccolcj01",2020,"CJ McCollum","28","POR","SG",15.5,233.232,139.239504,218.316,83.178396,203.4,99.666,188.484,94.807452,0
"2","bookede01",2020,"Devin Booker","23","PHO","SG",14.1,292.524,210.61728,174.488,80.787944,273.279,133.086873,143.696,60.927104,0
"3","hardeja01",2020,"James Harden","30","HOU","SG",16.6,367.902,245.758536,267.978,110.942892,27.252,12.099888,7.57,3.785,0
"4","barneha02",2020,"Harrison Barnes","27","SAC","PF",11.8,233.142,161.101122,226.005,82.039815,45.994,13.982176,19.825,5.9475,0
"5","lillada01",2020,"Damian Lillard","29","POR","PG",16.8,397.955,245.93619,106.571,33.143581,83.638,33.87339,86.336,40.664256,0
"6","harrito02",2020,"Tobias Harris","27","PHI","PF",13.2,268.617,177.824454,251.022,120.992604,184.161,86.003187,111.435,36.77355,0
"7","tuckepj01",2020,"P.J. Tucker","34","HOU","PF",18.4,63.048,39.026712,37.914,17.971236,14.91,6.96297,11.076,6.03642,0
"8","gilgesh01",2020,"Shai Gilgeous-Alexander","21","OKC","SG",11.4,290.29,179.10893,266.945,107.84578,138.04,69.02,69.02,34.99314,0
"9","adebaba01",2020,"Bam Adebayo","22","MIA","PF",5.8,379.99,275.87274,237.79,105.81655,113.76,45.95904,44.24,10.04248,0
"10","mitchdo01",2020,"Donovan Mitchell","23","UTA","SG",14.8,226.798,141.975548,307.318,127.229652,179.828,87.935892,154.33,71.76345,0
"11","jokicni01",2020,"Nikola Jokić","24","DEN","C",12,253.827,183.770748,294.525,176.420475,153.153,75.04497,114.597,49.849695,0
"12","goberru01",2020,"Rudy Gobert","27","UTA","C",2.1,466.209,351.987795,88.006,33.970316,2.785,0,0,NA,0
"13","derozde01",2020,"DeMar DeRozan","30","SAS","SF",9.9,279.034,203.973854,260.152,126.954176,275.887,131.046325,199.31,86.10192,0
"14","jamesle01",2020,"LeBron James","35","LAL","PG",12.9,475.595,345.757565,181.117,74.076853,95.119,32.055103,126.391,43.099331,0
"15","tatumja01",2020,"Jayson Tatum","21","BOS","PF",14.4,304.048,187.901664,190.03,71.07122,154.476,61.172496,109.114,42.990916,0
"16","hieldbu01",2020,"Buddy Hield","27","SAC","SG",19.1,151.06,101.9655,90.636,31.903872,95.284,38.1136,137.116,54.983516,0
"17","grahade01",2020,"Devonte' Graham","24","CHO","PG",19.4,127.116,69.023988,105.93,29.02482,71.262,25.084224,74.151,27.065115,0
"18","paulch01",2020,"Chris Paul","34","OKC","PG",17.1,61.203,52.144956,108.214,55.080926,268.761,138.949437,144.581,76.772511,0
"19","warretj01",2020,"T.J. Warren","26","IND","SF",12,274.175,208.098825,170.487,79.276455,215.352,105.091776,111.664,50.80712,0
"20","robindu01",2020,"Duncan Robinson","25","MIA","SG",23.2,45.342,38.268648,19.923,11.9538,6.183,1.032561,10.305,2.061,0
"21","roziete01",2020,"Terry Rozier","25","CHO","PG",15.6,207.961,115.002433,140.209,48.091687,96.923,34.989203,73.398,28.184832,0
"22","sabondo01",2020,"Domantas Sabonis","23","IND","PF",7.2,433.328,297.263008,190.8,72.8856,39.856,13.9496,117.024,56.990688,0
"23","sextoco01",2020,"Collin Sexton","21","CLE","PG",11.1,358.38,220.4037,233.49,91.29459,166.158,74.106468,73.848,30.942312,0
"24","inglejo01",2020,"Joe Ingles","32","UTA","PF",18.3,71.89,52.91104,86.268,33.126912,30.968,14.988512,11.06,4.02584,0
"25","covinro01",2020,"Robert Covington","29","2TM","C",19,156.891,105.901425,62.901,26.984529,8.676,3.852144,13.737,6.8685,0
"26","davisan02",2020,"Anthony Davis","26","LAL","PF",11.1,375.928,284.953424,188.512,77.855456,169.88,69.99056,142.48,45.87856,0
"27","harrijo01",2020,"Joe Harris","28","BRK","SF",15.5,227.36,148.23872,87.024,30.980544,22.736,10.867808,40.768,18.875584,0
"28","finnedo01",2020,"Dorian Finney-Smith","26","DAL","PF",15.5,170.172,112.143348,36.018,13.002498,3.132,1.042956,9.918,2.9754,0
"29","youngtr01",2020,"Trae Young","21","ATL","PG",16.8,228.567,136.225932,208.583,94.279516,182.354,85.159318,62.45,25.79185,0
"30","holidjr01",2020,"Jrue Holiday","29","NOP","SG",12.1,339.022,212.905816,215.284,80.085648,70.42,34.22412,36.216,9.054,0
"31","brookdi01",2020,"Dillon Brooks","24","MEM","SG",15.6,180.492,95.299776,165.54,62.9052,185.832,80.83692,124.956,48.982752,0
"32","siakapa01",2020,"Pascal Siakam","25","TOR","PF",12.7,305.808,214.983024,259.44,99.10608,81.696,26.877984,91.632,27.856128,0
"33","ingrabr01",2020,"Brandon Ingram","22","NOP","PF",14.2,271.808,177.762432,140.288,52.046848,183.032,77.056472,117.272,50.075144,0
"34","lowryky01",2020,"Kyle Lowry","33","TOR","PG",18.2,171.039,109.978077,74.679,25.913613,35.332,14.1328,56.21,20.06697,0
"35","hardati02",2020,"Tim Hardaway Jr.","27","DAL","SG",18.6,115.804,70.872048,97.24,34.13124,70.72,35.85504,86.632,38.811136,0
"36","lavinza01",2020,"Zach LaVine","24","CHI","SF",13.9,448.426,279.369398,99.517,18.112094,57.552,13.121856,111.507,45.160335,0
"37","bogdabo02",2020,"Bojan Bogdanović","30","UTA","SF",15.4,182.325,127.26285,193.545,69.869745,74.8,24.9084,27.115,7.022785,0
"38","randlju01",2020,"Julius Randle","25","NYK","PF",10.5,360.148,227.253388,236.41,100.23784,97.582,42.838498,81.486,29.171988,0
"39","fournev01",2020,"Evan Fournier","27","ORL","SF",16.5,161.646,111.697386,136.563,64.730862,96.616,36.810696,99.403,47.216425,0
"40","moranja01",2020,"Ja Morant","20","MEM","PG",9.5,371.052,224.857512,232.376,95.041784,118.062,55.016892,36.543,11.839932,0
"41","anunoog01",2020,"OG Anunoby","22","TOR","SF",11.6,255.832,173.96576,62.826,16.96302,14.15,5.05155,5.094,1.0188,0
"42","bealbr01",2020,"Bradley Beal","26","WAS","SG",14.7,311.417,214.566313,183.723,72.938031,175.905,77.04639,149.845,57.990015,0
"43","onealro01",2020,"Royce O'Neale","26","UTA","SF",18.6,74.095,47.050325,36.865,15.92568,2.92,0,6.935,2.975115,0
"44","westbru01",2020,"Russell Westbrook","31","HOU","PG",10.1,531.615,340.2336,181.902,66.030426,166.53,67.27812,189.588,76.214376,0
"45","doncilu01",2020,"Luka Dončić","20","DAL","PG",14.5,326.3,245.3776,297.435,129.68166,72.79,26.9323,17.57,8.27547,0
"46","bridgmi01",2020,"Mikal Bridges","23","PHO","SF",12.6,186.824,139.931176,59.048,20.017272,30.008,11.012936,14.036,6.021444,0
"47","horfoal01",2020,"Al Horford","33","PHI","C",15.4,134.001,99.964746,126.202,48.082962,78.699,35.886744,87.207,36.103698,0
"48","balllo01",2020,"Lonzo Ball","22","NOP","PG",17.7,147.018,88.94589,57.021,14.027166,33.663,10.906812,54.273,15.087894,0
"49","huntede01",2020,"De'Andre Hunter","22","ATL","SF",15.6,153.675,90.821925,90.839,26.979183,58.055,22.002845,75.813,31.917273,0
"50","gordoaa01",2020,"Aaron Gordon","24","ORL","PF",12.9,250.042,176.029568,96.642,34.887762,115.05,40.0374,68.263,11.058606,0
"51","simmobe01",2020,"Ben Simmons","23","PHI","PG",3.6,412.786,296.793134,196.688,71.79112,25.88,3.98552,3.882,0,0
"52","rubiori01",2020,"Ricky Rubio","29","PHO","PG",13.9,172.308,91.150932,94.804,26.924336,92.036,45.005604,116.948,45.960564,0
"53","bjeline01",2020,"Nemanja Bjelica","31","SAC","PF",15.4,165.209,104.08167,129.294,60.12171,20.243,9.10935,18.937,6.968816,0
"54","whiteha01",2020,"Hassan Whiteside","30","POR","C",5,391.716,289.86984,181.818,92.908998,75.816,29.94732,44.928,18.959616,0
"55","schrode01",2020,"Dennis Schröder","26","OKC","PG",14.8,219.055,139.976145,116.765,51.84366,167.91,73.8804,136.065,62.04564,0
"56","vucevni01",2020,"Nikola Vučević","29","ORL","C",12.5,242.755,163.859625,278.91,135.82917,135.323,58.18889,86.772,36.8781,0
"57","fultzma01",2020,"Markelle Fultz","21","ORL","PG",10.9,258.62,166.8099,149.768,62.90256,149.768,56.91184,77.972,36.023064,0
"58","bridgmi02",2020,"Miles Bridges","21","CHO","SF",12.9,231.924,144.024804,170.178,57.00963,37.65,11.8974,12.801,6.886938,0
"59","dinwisp01",2020,"Spencer Dinwiddie","26","BRK","PG",13.3,316.51,201.61687,195.011,69.033894,79.638,20.944794,28.588,8.86228,0
"60","nunnke01",2020,"Kendrick Nunn","24","MIA","PG",15.8,183.714,116.842104,128.874,48.97212,99.626,47.82048,109.68,49.9044,0
"61","butleji01",2020,"Jimmy Butler","30","MIA","SF",10,257.72,168.8066,194.806,82.987356,113.7,43.8882,72.01,20.01878,0
"62","morrima03",2020,"Marcus Morris","30","2TM","PF",17.8,72.09,42.02847,103.68,36.91008,139.32,70.21728,146.61,63.77535,0
"63","brownja02",2020,"Jaylen Brown","23","BOS","SG",13.6,238.603,167.737909,172.078,70.035746,79.83,38.95704,57.655,20.87111,0
"64","oubreke01",2020,"Kelly Oubre Jr.","24","PHO","SF",12.7,275.884,161.943908,137.116,53.063892,67.732,28.853832,37.996,21.011788,0
"65","vanvlfr01",2020,"Fred VanVleet","25","TOR","SG",15.4,237.311,130.283739,87.349,20.09027,29.374,8.107224,46.38,15.11988,0
"66","smartma01",2020,"Marcus Smart","25","BOS","SG",18.4,75.702,40.803378,111.166,39.019266,70.246,31.118978,30.008,8.012136,0
"67","antetgi01",2020,"Giannis Antetokounmpo","25","MIL","PF",9.8,596.716,464.841764,198.08,67.94144,90.374,39.131942,59.424,23.7696,0
"68","bartowi01",2020,"Will Barton","29","DEN","SF",13.5,211.068,130.017888,137.268,45.023904,58.302,24.137028,44.28,25.15104,0
"69","houseda01",2020,"Danuel House Jr.","26","HOU","SF",17.6,130.977,88.933383,35.035,7.007,12.936,3.984288,4.851,0.9702,0
"70","osmande01",2020,"Cedi Osman","24","CLE","SF",15.8,163.821,98.947884,76.125,27.024375,34.713,12.878523,12.789,3.939012,0
"71","murraja01",2020,"Jamal Murray","22","DEN","PG",15.5,168.072,112.104024,120.69,51.8967,124.266,58.156488,157.344,74.109024,0
"72","anthoca01",2020,"Carmelo Anthony","35","POR","PF",14.5,150.926,79.99078,82.11,39.08436,186.116,77.982604,136.85,52.003,0
"73","grantje01",2020,"Jerami Grant","25","DEN","PF",13.5,194.004,133.086744,103.976,42.942088,43.746,17.892114,39.942,10.98405,0
"74","klebima01",2020,"Maxi Kleber","28","DAL","PF",16.7,141.864,94.907016,33.924,15.978204,13.878,4.954446,5.14,2.056,0
"75","rosste01",2020,"Terrence Ross","28","ORL","SG",20.1,76.14,58.09482,55.836,18.928404,87.984,35.017632,121.824,51.897024,0
"76","drumman01",2020,"Andre Drummond","26","2TM","C",4.8,461.776,305.695712,261.856,102.909408,21.168,4.02192,3.92,0,0
"77","satorto01",2020,"Tomáš Satoranský","28","CHI","SG",12.7,158.137,94.091515,116.812,46.958424,55.1,26.0623,22.04,6.01692,0
"78","crowdja01",2020,"Jae Crowder","29","2TM","SF",19.9,105.281,68.222088,24.772,8.91792,11.26,3.07398,28.15,11.06295,0
"79","willilo02",2020,"Lou Williams","33","LAC","PG",14.8,180.648,103.8726,171.288,70.056792,135.72,49.94496,132.912,55.955952,0
"80","wiggian01",2020,"Andrew Wiggins","24","2TM","SF",13.6,245.478,168.397908,207.336,94.130544,99.756,32.91948,91.932,30.981084,0
"81","princta02",2020,"Taurean Prince","25","BRK","PF",17.5,138.932,75.02328,82.768,25.906384,54.686,18.86667,31.038,12.011706,0
"82","middlkh01",2020,"Khris Middleton","28","MIL","SF",16.6,120.269,84.1883,122.163,55.095513,188.453,95.168765,162.884,89.911968,0
"83","allenja01",2020,"Jarrett Allen","21","BRK","C",2.6,351.075,261.90195,98.115,36.008205,8.835,3.92274,0.93,0,0
"84","leonaka01",2020,"Kawhi Leonard","28","LAC","SF",14.6,189.211,132.069278,197.142,89.108184,256.058,113.94581,166.551,74.281746,0
"85","valanjo01",2020,"Jonas Valančiūnas","27","MEM","C",7.2,313.336,230.30196,265.301,144.058443,50.252,17.08568,19.953,8.97885,0
"86","gallida01",2020,"Danilo Gallinari","31","OKC","PF",18.5,124.184,80.09868,79.249,22.031222,66.177,28.059048,108.661,49.875399,0
"87","holidju01",2020,"Justin Holiday","30","IND","SF",19.6,77.76,45.8784,22.842,5.961762,21.87,7.96068,32.076,14.049288,0
"88","turnemy01",2020,"Myles Turner","23","IND","C",15.5,129.727,87.825179,89.224,43.095192,62.809,33.91686,55.178,17.050002,0
"89","garlada01",2020,"Darius Garland","20","CLE","SG",16,125.82,58.88376,106.947,46.949733,104.151,44.055873,65.706,24.902574,0
"90","lopezbr01",2020,"Brook Lopez","31","MIL","C",15.6,152.317,106.164949,122.793,51.941439,61.061,28.026999,10.065,4.026,0
"91","porzikr01",2020,"Kristaps Porziņģis","24","DAL","C",16.4,178.012,129.0587,115.568,34.901536,167.76,64.92312,67.104,27.042912,0
"92","smithis01",2020,"Ish Smith","31","WAS","PG",13.2,161.915,99.901555,115.752,41.902224,110.929,57.017506,130.91,46.99669,0
"93","robingl02",2020,"Glenn Robinson III","26","2TM","SF",13.7,127.28,90.24152,101.232,46.06056,68.08,30.02328,98.864,44.98312,0
"94","browntr01",2020,"Troy Brown Jr.","20","WAS","SF",13.3,169.184,115.04512,121.29,43.05795,67.176,23.041368,85.836,30.90096,0
"95","harriga01",2020,"Gary Harris","25","DEN","SG",13.9,151.029,98.017821,76.812,17.974008,42.039,12.023154,38.925,19.968525,0
"96","loveke01",2020,"Kevin Love","31","CLE","PF",18.3,96.691,63.81606,84.332,33.142476,80.697,48.821685,74.881,34.969427,0
"97","bogdabo01",2020,"Bogdan Bogdanović","27","SAC","SG",18.5,92.686,62.748422,98.048,45.004032,75.834,32.911956,58.216,32.135232,0
"98","caldwke01",2020,"Kentavious Caldwell-Pope","26","LAL","SG",15.9,128.778,83.834478,35.997,19.006416,46.137,18.039567,56.784,23.906064,0
"99","huertke01",2020,"Kevin Huerter","21","ATL","SG",18.1,84.79,48.83904,71.98,30.01566,73.81,30.92639,45.14,15.03162,0
"100","josepco01",2020,"Cory Joseph","28","SAC","PG",15.4,65.096,44.069992,82.812,33.95292,53.972,17.00118,51.088,20.026496,0
"101","washipj01",2020,"P.J. Washington","21","CHO","PF",12.3,190.836,125.95176,147.25,50.065,14.136,3.025104,7.068,3.032172,0
"102","hartjo01",2020,"Josh Hart","24","NOP","SF",18.2,112.252,77.229376,38.836,20.893768,20.216,5.054,6.916,0.988988,0
"103","aldrila01",2020,"LaMarcus Aldridge","34","SAS","C",13.7,160.186,115.173734,102.297,48.181887,180.011,82.985071,194.285,84.125405,0
"104","burksal01",2020,"Alec Burks","28","2TM","SF",15.8,154.368,87.21792,125.952,42.949632,99.84,41.9328,86.784,32.891136,0
"105","harremo01",2020,"Montrezl Harrell","26","LAC","C",4.2,495.32,349.2006,247.66,108.9704,37.352,11.093544,13.804,1.973972,0
"106","walkeke02",2020,"Kemba Walker","29","BOS","PG",17.6,176.022,105.085134,98.679,26.939367,67.564,31.822644,72.898,33.970468,0
"107","haywago01",2020,"Gordon Hayward","29","BOS","SF",14,149.1,112.1232,130.2,58.0692,119.7,58.8924,79.1,36.0696,0
"108","templga01",2020,"Garrett Temple","33","BRK","SG",18.9,100.964,58.962976,32.285,12.106875,35.22,10.07292,32.872,13.937728,0
"109","thomptr01",2020,"Tristan Thompson","28","CLE","C",5.1,278.752,173.941248,210.188,91.011404,41.026,13.005242,8.992,0.998112,0
"110","clarkjo01",2020,"Jordan Clarkson","27","2TM","SG",15.3,168.198,118.074996,190.74,91.93668,71.961,23.963013,23.409,8.146332,0
"111","barrerj01",2020,"RJ Barrett","19","NYK","SG",10.7,284.984,161.870912,146.127,39.015909,47.255,13.089635,52.344,15.075072,0
"112","gallola01",2020,"Langston Galloway","28","DET","SG",18.6,59.078,40.054884,74.254,29.107568,41.192,18.083288,36.856,16.916904,0
"113","richajo01",2020,"Josh Richardson","26","PHI","SG",16.1,107.236,68.202096,91.732,34.85816,93.024,32.000256,105.298,58.124496,0
"114","bazemke01",2020,"Kent Bazemore","30","2TM","SF",14.4,143.112,75.992472,74.226,18.036918,36.846,10.943262,35.778,10.948068,0
"115","greenda02",2020,"Danny Green","32","LAL","SG",19.4,63.99,43.00128,35.076,17.046936,26.07,12.04434,21.804,4.949508,0
"116","murrade01",2020,"Dejounte Murray","23","SAS","PG",11.5,180.908,106.916628,108.927,35.94591,126.763,62.874448,108.927,46.947537,0
"117","adamsst01",2020,"Steven Adams","26","OKC","C",4.4,245.214,182.194002,189.766,78.942656,39.196,20.107548,0.956,0.956,0
"118","whitede01",2020,"Derrick White","25","SAS","SG",14.2,140.208,84.1248,105.984,55.959552,51.888,19.97688,38.088,14.016384,0
"119","whiteco01",2020,"Coby White","19","CHI","PG",16,204.336,108.093744,83.952,26.948592,42.768,15.909696,84.744,27.880776,0
"120","brogdma01",2020,"Malcolm Brogdon","27","IND","PG",13.9,241.8,128.8794,64.728,19.936224,73.656,39.847896,133.176,62.060016,0
"121","dragigo01",2020,"Goran Dragić","33","MIA","PG",16.2,131.768,91.842296,110.048,43.028768,76.744,25.939472,67.332,34.137324,0
"122","pascher01",2020,"Eric Paschall","23","GSW","PF",11.2,211.2,153.12,140.8,57.8688,64,27.008,94.72,42.90816,0
"123","bledser01",2020,"Eric Bledsoe","30","MIL","PG",12.2,236.911,167.969899,130.055,46.03947,68.894,24.939628,52.022,21.016888,0
"124","snellto01",2020,"Tony Snell","28","DET","SF",19.4,38.964,26.963088,45.076,22.042164,25.976,8.987696,17.954,9.982424,0
"125","morrimo01",2020,"Monte Morris","24","DEN","PG",14,109.238,78.214408,105.842,34.92786,96.786,36.875466,82.07,45.05643,0
"126","matthwe02",2020,"Wesley Matthews","33","MIL","SG",19.9,54.86,37.90826,34.182,8.03277,21.944,8.975096,13.926,3.982836,0
"127","brownbr01",2020,"Bruce Brown","23","DET","PG",8.5,174.777,104.8662,155.109,55.063695,16.092,4.023,4.917,0.9834,0
"128","foxde01",2020,"De'Aaron Fox","22","SAC","PG",10.8,254.28,169.0962,216.79,97.98908,110.025,43.019775,48.9,26.9439,0
"129","saricda01",2020,"Dario Šarić","25","PHO","PF",14,172.16,115.17504,75.858,29.96391,19.906,9.953,34.97,16.99542,0
"130","jacksja02",2020,"Jaren Jackson Jr.","20","MEM","C",14.9,177.708,125.817264,174.696,70.926576,23.343,9.127113,9.036,2.005992,0
"131","mclembe01",2020,"Ben McLemore","26","HOU","SF",21.5,74.12,55.07116,16.895,3.970325,2.18,2.18,0,NA,0
"132","holidaa01",2020,"Aaron Holiday","23","IND","PG",15.1,121.045,68.99565,100.214,33.07062,61.93,20.00339,59.115,24.059805,0
"133","riverau01",2020,"Austin Rivers","27","HOU","SG",15.5,136.773,79.875432,79.158,31.029936,12.024,2.008008,3.006,2.005002,0
"134","youngth01",2020,"Thaddeus Young","31","CHI","PF",11.9,197.729,118.835129,150.25,62.05325,13.823,2.958122,16.828,5.940284,0
"135","bertada01",2020,"Dāvis Bertāns","27","WAS","PF",22.2,59.17,38.10548,35.99,11.01294,20.74,8.89746,21.96,6.98328,0
"136","redicjj01",2020,"JJ Redick","35","NOP","SG",21.1,42.277,25.154815,34.705,11.903815,37.86,13.93248,119.259,55.097658,0
"137","forbebr01",2020,"Bryn Forbes","26","SAS","SG",21,40.089,27.060075,47.061,19.012644,27.888,10.959984,84.826,36.89931,0
"138","curryse01",2020,"Seth Curry","29","DAL","SG",18.9,52.234,37.190608,74.046,33.024516,60.27,33.1485,67.158,36.063846,0
"139","wrighde01",2020,"Delon Wright","27","DAL","PG",11,152.07,98.08515,108.915,38.011335,13.152,5.06352,9.864,1.9728,0
"140","theisda01",2020,"Daniel Theis","27","BOS","C",9.2,210.018,153.103122,71.994,32.973252,31.098,16.046568,17.04,7.02048,0
"141","korkmfu01",2020,"Furkan Korkmaz","22","PHI","SG",19.2,61.93,41.92661,69.249,26.106873,43.914,18.970848,32.091,12.034125,0
"142","reddica01",2020,"Cam Reddish","20","ATL","SF",15.4,125.758,67.90932,74.236,27.09614,47.09,15.02171,57.062,20.028762,0
"143","okogijo01",2020,"Josh Okogie","21","MIN","SG",11.7,161.19,103.1616,70.048,23.045792,11.94,2.985,1.194,0,0
"144","kuzmaky01",2020,"Kyle Kuzma","24","LAL","PF",15.2,128.924,100.947492,150.968,62.047848,52.104,20.06004,64.128,22.060032,0
"145","divindo01",2020,"Donte DiVincenzo","23","MIL","SG",15.3,173.91,113.91105,42.84,12.93768,19.89,8.9505,26.01,13.005,0
"146","herroty01",2020,"Tyler Herro","20","MIA","SG",18,76.982,44.957488,66.886,28.961638,73.196,31.1083,116.104,48.995888,0
"147","culveja01",2020,"Jarrett Culver","20","MIN","SG",12.1,216.22,126.05626,105.834,28.998516,17.07,7.03284,9.104,2.021088,0
"148","embiijo01",2020,"Joel Embiid","25","PHI","C",12.4,204.255,148.084875,156.195,73.09926,161.802,65.853414,107.334,38.10357,0
"149","arizatr01",2020,"Trevor Ariza","34","2TM","SF",17,87.156,61.096356,21.06,4.0014,3.888,0,4.86,0,0
"150","markkla01",2020,"Lauri Markkanen","22","CHI","PF",15.5,161.934,104.933232,88.059,30.028119,15.957,4.994541,8.274,2.0685,0
"151","millspa02",2020,"Patty Mills","31","SAS","PG",20.4,69.966,47.996676,25.116,13.06032,23.92,8.97,75.946,33.947862,0
"152","ibakase01",2020,"Serge Ibaka","30","TOR","C",12.4,160.8,122.8512,176.88,87.02496,73.7,33.8283,75.71,28.92122,0
"153","powelno01",2020,"Norman Powell","26","TOR","SG",14.2,197.938,131.034956,81.926,36.948626,19.136,7.042048,25.714,11.879868,0
"154","nancela02",2020,"Larry Nance Jr.","27","CLE","PF",12.5,169.814,127.869942,46.979,20.999613,31.894,11.96025,22.843,11.924046,0
"155","teaguje01",2020,"Jeff Teague","31","2TM","PG",10.8,148.167,85.047858,145.233,59.109831,60.147,19.066599,19.071,7.018128,0
"156","gayru01",2020,"Rudy Gay","33","SAS","PF",15.3,100.128,72.09216,92.976,34.029216,115.028,54.06316,67.944,32.001624,0
"157","shamela01",2020,"Landry Shamet","22","LAC","SG",20.7,50.83,34.86938,16.813,1.983934,14.858,7.919314,12.121,2.024207,0
"158","russeda01",2020,"D'Angelo Russell","23","2TM","PG",19,65.988,46.983456,99.828,38.93292,131.13,55.0746,117.594,60.796098,0
"159","simonan01",2020,"Anfernee Simons","20","POR","SG",15.9,113.096,65.0302,70.216,24.084088,68.072,24.029416,58.96,26.00136,0
"160","hachiru01",2020,"Rui Hachimura","21","WAS","PF",10.5,186.935,127.86354,106.82,34.93014,87.2,33.0488,76.845,32.966505,0
"161","harklma01",2020,"Maurice Harkless","26","2TM","PF",10.9,146.877,97.966959,26.885,5.96847,3.962,1.981,7.075,2.02345,0
"162","leeda03",2020,"Damion Lee","27","GSW","SG",16.9,74.095,49.05089,77.161,31.095883,71.029,33.028485,50.078,15.0234,0
"163","augusdj01",2020,"D.J. Augustin","32","ORL","PG",15.9,90.817,51.856507,76.987,22.018282,55.781,27.8905,35.958,11.974014,0
"164","georgpa01",2020,"Paul George","29","LAC","SF",17.4,117.3,80.2332,97.75,34.89675,88.366,36.141694,97.75,34.89675,0
"165","robinmi01",2020,"Mitchell Robinson","21","NYK","C",1.3,315.084,244.1901,24.893,8.96148,1.023,0,0,NA,0
"166","portibo01",2020,"Bobby Portis","24","NYK","PF",13.9,124.868,76.918688,124.279,60.151036,67.146,26.052648,85.994,34.999558,0
"167","jonesde02",2020,"Derrick Jones Jr.","22","MIA","SF",11.2,171.01,126.03437,39.088,19.035856,3.839,0.95975,3.141,1.045953,0
"168","mcderdo01",2020,"Doug McDermott","28","IND","PF",16.8,141.126,96.106806,47.042,24.038462,20.786,5.944796,43.76,12.9092,0
"169","wanambr01",2020,"Brad Wanamaker","30","BOS","PG",12.3,107.152,74.149184,85.07,23.05397,30.046,13.009918,38.01,15.01395,0
"170","conlemi01",2020,"Mike Conley","32","UTA","PG",16.3,75.978,43.003548,115.101,45.004491,78.246,28.090314,41.958,19.972008,0
"171","collijo01",2020,"John Collins","22","ATL","PF",9.4,283.745,217.91616,111.925,52.940525,41.14,12.05402,21.175,11.0957,0
"172","napiesh01",2020,"Shabazz Napier","28","2TM","PG",17.2,99.864,68.90616,35.112,9.023784,42.864,14.959536,37.848,18.924,0
"173","beverpa01",2020,"Patrick Beverley","31","LAC","PG",17.2,66.154,39.097014,50.127,23.05842,13.981,3.998566,5.115,1.023,0
"174","zelleco01",2020,"Cody Zeller","27","CHO","C",6.6,273.03,179.92677,115.918,48.917396,12.933,1.991682,1.916,1.916,0
"175","trentga02",2020,"Gary Trent Jr.","21","POR","SF",19.4,45.864,31.921344,33.075,11.013975,44.1,19.0512,49.833,21.92652,0
"176","anderky01",2020,"Kyle Anderson","26","MEM","SF",11.8,86.06,57.05778,87.053,44.048818,45.016,18.0064,28.135,14.0675,0
"177","leverca01",2020,"Caris LeVert","25","BRK","SG",12.5,174.948,106.018488,185.196,63.151836,117.12,50.01024,35.136,12.051648,0
"178","zubaciv01",2020,"Ivica Zubac","22","LAC","C",3.4,266.035,181.96794,88.165,37.0293,16.17,7.08246,13.09,10.06621,0
"179","mccontj01",2020,"T.J. McConnell","27","IND","PG",8.7,133.986,80.927544,99.873,56.92761,115.902,55.980666,43.977,12.973215,0
"180","woodch01",2020,"Christian Wood","24","DET","PF",10.1,207.772,164.763196,118.872,52.89804,20.828,7.935468,19.812,7.9248,0
"181","greenja01",2020,"JaMychal Green","29","LAC","PF",18.4,72.16,44.08976,29.92,9.96336,4.928,2.9568,7.04,2.01344,0
"182","howardw01",2020,"Dwight Howard","34","LAL","C",2.5,219.938,179.029532,50.137,19.05206,0,NA,1.939,0.9695,0
"183","olynyke01",2020,"Kelly Olynyk","28","MIA","C",17.6,87.958,60.954894,39.004,14.002436,21.89,9.95995,15.124,4.038108,0
"184","clarkbr01",2020,"Brandon Clarke","23","MEM","PF",7.6,225.13,174.02549,102.985,53.96414,70.892,38.919708,15.807,5.927625,0
"185","rosede01",2020,"Derrick Rose","31","DET","PG",10.9,226.653,150.724245,189.756,86.908248,109.185,51.09858,79.818,34.960284,0
"186","lambje01",2020,"Jeremy Lamb","27","IND","SG",15.1,92.926,57.985824,69.934,31.959838,69.934,37.974162,88.136,35.078128,0
"187","thybuma01",2020,"Matisse Thybulle","22","PHI","SG",16.6,72.08,47.06824,20.935,5.98741,7.95,1.9875,6.89,0.98527,0
"188","capelca01",2020,"Clint Capela","25","HOU","C",2.3,294.88,212.90336,90.016,29.975328,3.104,1.033632,0,NA,0
"189","poolejo01",2020,"Jordan Poole","20","GSW","SG",19.1,64.758,33.868434,47.188,20.102088,43.172,15.067028,81.826,23.975018,0
"190","lylestr01",2020,"Trey Lyles","24","SAS","PF",15.4,90.895,57.900115,37.044,10.00188,24.01,13.01342,22.981,6.986224,0
"191","hillge01",2020,"George Hill","33","MIL","PG",15,113.176,86.126936,42.112,9.011968,22.184,8.074976,22.936,9.97716,0
"192","dunnkr01",2020,"Kris Dunn","25","CHI","PG",11.3,136.116,88.067052,63.954,28.011852,19.152,5.036976,10.944,1.991808,0
"193","mykhasv01",2020,"Svi Mykhailiuk","22","DET","SF",19.5,70.065,40.007115,38.07,7.00488,6.885,1.96911,4.86,1.944,0
"194","ennisja01",2020,"James Ennis III","29","2TM","SG",14.1,133.907,86.905643,31.951,10.000663,14.001,4.004286,10.052,4.0208,0
"195","fergute01",2020,"Terrance Ferguson","21","OKC","SF",20.4,27.06,17.0478,11,4.004,3.08,2.05436,11,5.995,0
"196","cartewe01",2020,"Wendell Carter Jr.","20","CHI","C",6,195.853,135.921982,69.972,20.011992,32.928,16.95792,15.092,4.029564,0
"197","johnsca02",2020,"Cameron Johnson","23","PHO","PF",18.7,76.14,54.13554,17.82,2.97594,21.87,7.96068,17.01,5.00094,0
"198","bongais01",2020,"Isaac Bonga","20","WAS","SF",10.1,108.108,70.053984,41.886,19.937736,8.892,1.974024,3.978,0.9945,0
"199","paytoel01",2020,"Elfrid Payton","25","NYK","PG",8.7,179.08,102.971,117.92,47.99344,46.2,16.0776,28.16,12.08064,0
"200","connapa01",2020,"Pat Connaughton","27","MIL","SG",15.9,105.049,74.059545,18.963,6.978384,3.913,0.97825,6.923,0,0
"201","favorde01",2020,"Derrick Favors","28","NOP","C",4,230.859,162.986454,65.088,30.070656,25.086,11.03784,10.848,3.948672,0
"202","holmeri01",2020,"Richaun Holmes","26","SAC","C",4.6,196.08,147.06,92.88,43.93224,47.128,30.067664,7.912,1.978,0
"203","millspa01",2020,"Paul Millsap","34","DEN","PF",10.8,148.92,99.92532,108.186,34.07859,42.924,17.985156,14.016,5.003712,0
"204","aytonde01",2020,"Deandre Ayton","21","PHO","C",6.7,261.848,189.8398,128.936,52.992696,106.784,41.966112,56.8,21.9248,0
"205","jordade01",2020,"DeAndre Jordan","31","BRK","C",1.8,239.932,174.910428,43.05,15.02445,2.009,0,2.009,1.0045,0
"206","jonesty01",2020,"Tyus Jones","23","MEM","PG",13.6,75.075,49.023975,103.818,43.915014,84.942,36.94977,41.184,20.097792,0
"207","greendr01",2020,"Draymond Green","29","GSW","PF",15,72.996,50.00226,58.144,18.02464,29.072,12.035808,26.86,6.95674,0
"208","daviste02",2020,"Terence Davis","22","TOR","SG",15.8,132.98,90.02746,38.804,10.942728,16.132,3.032816,6.104,1.019368,0
"209","beaslma01",2020,"Malik Beasley","23","2TM","SG",16.6,100.926,63.987084,68.886,17.979246,51.264,24.145344,36.846,13.927788,0
"210","scottmi01",2020,"Mike Scott","31","PHI","PF",18.2,67.9,40.9437,30.1,15.05,21,8.001,14,4.998,0
"211","chrisma01",2020,"Marquese Chriss","22","GSW","PF",5.8,236.005,159.06737,85.855,33.912725,11.165,4.06406,13.09,5.03965,0
"212","ntilila01",2020,"Frank Ntilikina","21","NYK","PG",16.6,66.933,37.951011,25.974,8.987004,38.961,10.987002,63.936,28.963008,0
"213","townska01",2020,"Karl-Anthony Towns","24","MIN","C",14,204.016,147.095536,92.056,42.069592,19.904,4.976,29.234,8.068584,0
"214","morrima02",2020,"Markieff Morris","30","2TM","PF",16.6,88.852,59.886248,69.158,29.04636,58.166,19.078448,14.198,7.099,0
"215","bradlav01",2020,"Avery Bradley","29","LAL","SG",16.9,65.11,42.06106,34.853,14.951937,29.108,13.040384,80.813,36.931541,0
"216","carusal01",2020,"Alex Caruso","25","LAL","PG",13.7,94.866,64.888344,38.994,7.99377,23.862,3.984954,13.095,3.024945,0
"217","poeltja01",2020,"Jakob Poeltl","24","SAS","C",3.4,175.028,117.968872,71.022,36.008154,19.95,11.97,0,NA,0
"218","monkma01",2020,"Malik Monk","21","CHO","SG",14,140.056,93.977576,99.064,42.003136,29.768,11.9072,15.128,6.0512,0
"219","meltode01",2020,"De'Anthony Melton","21","MEM","PG",13.9,109.874,68.890998,70.977,27.964938,30.877,9.973271,48.922,13.991692,0
"220","knoxke01",2020,"Kevin Knox","20","NYK","SF",16.6,78.195,44.10198,50.125,13.0325,32.882,10.949706,40.902,10.961736,0
"221","porteke02",2020,"Kevin Porter Jr.","19","CLE","SF",14,124.195,89.17201,50.941,17.982173,44.205,13.040475,44.205,13.040475,0
"222","gasolma01",2020,"Marc Gasol","35","TOR","C",17.3,34.875,21.936375,49.941,26.96814,32.085,12.031875,13.95,0.99045,0
"223","bryanth01",2020,"Thomas Bryant","22","WAS","C",10.8,171.798,134.86143,56.012,29.014216,38.874,17.959788,60.192,24.0768,0
"224","mcgeeja01",2020,"JaVale McGee","32","LAL","C",3.6,209.916,155.967588,73.134,28.083456,14.994,7.002198,2.142,1.071,0
"225","bazleda01",2020,"Darius Bazley","19","OKC","PF",13.7,90.979,54.951316,62.132,14.041832,12.046,3.0115,11.095,4.03858,0
"226","willima02",2020,"Marvin Williams","33","2TM","PF",17.8,37.113,31.100694,52.065,25.043265,16.02,6.0075,5.874,0.980958,0
"227","noelne01",2020,"Nerlens Noel","25","OKC","C",5.1,164.897,141.976317,50.034,27.01836,36.046,10.020788,15.064,4.022088,0
"228","holliro01",2020,"Rondae Hollis-Jefferson","25","TOR","PF",4.8,216.153,122.991057,62.839,18.977378,20.069,9.03105,6.909,0.987987,0
"229","caulewi01",2020,"Willie Cauley-Stein","26","2TM","C",4.8,169.12,133.09744,71.876,27.959764,28.086,8.032596,32.012,6.018256,0
"230","dienggo01",2020,"Gorgui Dieng","30","2TM","C",14.2,108.108,73.081008,37.128,12.029472,28.028,11.015004,38.948,15.96868,0
"231","hillso01",2020,"Solomon Hill","28","2TM","PF",17.8,40.866,18.920958,40.866,16.95939,8.896,2.962368,16.124,8.062,0
"232","hayesja02",2020,"Jaxson Hayes","19","NOP","C",2.8,217.042,162.998542,32.116,8.029,5.957,1.983681,0,NA,0
"233","craigto01",2020,"Torrey Craig","29","DEN","SF",15,91.998,67.986522,19.906,5.9718,11.029,2.007278,8.07,3.02625,0
"234","poweldw01",2020,"Dwight Powell","28","DAL","C",6.1,155.033,126.041829,30.915,9.985545,2.977,0,0.916,0,0
"235","plumlma01",2020,"Mason Plumlee","29","DEN","C",3.8,194.976,151.886304,65.952,21.962016,16.992,2.990592,4.896,0,0
"236","jacksju01",2020,"Justin Jackson","24","DAL","PF",15.4,67.859,37.933181,66.836,33.885852,37.851,12.945042,5.115,2.046,0
"237","willigr01",2020,"Grant Williams","21","BOS","PF",14.2,55.915,36.959815,40.09,22.0495,14.981,3.999927,4.009,0,0
"238","mellini01",2020,"Nicolò Melli","29","NOP","C",19.2,49.096,37.06748,31.977,12.982662,20.995,9.99362,14.858,6.938686,0
"239","leoname01",2020,"Meyers Leonard","27","MIA","C",16.3,54.99,44.98182,32.994,16.99191,14.04,2.00772,3.978,1.989,0
"240","biyombi01",2020,"Bismack Biyombo","27","CHO","C",3.6,167.912,117.874224,88.96,28.0224,18.07,5.02346,3.058,0,0
"241","gibsota01",2020,"Taj Gibson","34","NYK","C",6.7,165.022,116.010466,38.896,16.958656,22.88,10.93664,44.902,18.948644,0
"242","brunsja01",2020,"Jalen Brunson","23","DAL","PG",13.6,69.064,43.026872,100.104,50.052,53.932,26.966,45.008,18.0032,0
"243","mooreet01",2020,"E'Twaun Moore","30","NOP","SG",14.4,72.979,49.990615,106.191,47.042613,56.81,14.94103,34.086,11.043864,0
"244","gordoer01",2020,"Eric Gordon","31","HOU","SF",19,93.063,52.022217,51.856,19.96456,8.797,2.929401,6.019,0,0
"245","bowmaky01",2020,"Ky Bowman","22","GSW","PG",14.8,67.089,44.077473,51.039,16.026246,46.866,21.933288,49.113,19.055844,0
"246","ojelese01",2020,"Semi Ojeleye","25","BOS","PF",18.4,27.048,15.038688,28.028,11.015004,3.92,0,9.996,5.9976,0
"247","walkelo01",2020,"Lonnie Walker IV","21","SAS","SG",12.4,113.169,66.090696,67.116,21.007308,32.13,9.02853,43.911,14.973651,0
"248","ilyaser01",2020,"Ersan İlyasova","32","MIL","PF",14.1,93.9,60.9411,51.019,19.030087,19.093,9.050082,11.894,6.934202,0
"249","rondora01",2020,"Rajon Rondo","33","LAL","PG",13.6,100.04,58.0232,56.088,20.023416,20.992,7.997952,25.912,9.97612,0
"250","kanteen01",2020,"Enes Freedom","27","BOS","C",3.6,230.028,146.987892,93.96,45.00684,5.916,0.987972,11.136,5.06688,0
"251","isaacjo01",2020,"Jonathan Isaac","22","ORL","PF",12.1,119.852,79.941284,32.868,11.963952,50.132,18.04752,34.86,13.944,0
"252","robinje01",2020,"Jerome Robinson","22","2TM","SG",17.7,35.03,21.018,39.99,10.99725,39.99,19.995,41.85,13.93605,0
"253","lenal01",2020,"Alex Len","26","2TM","C",6.1,177.045,123.046275,62.843,30.918756,17.864,5.948712,1.914,0.957,0
"254","korveky01",2020,"Kyle Korver","38","MIL","SF",23.4,11.134,5.06597,4.981,0.9962,9.083,5.050148,31.058,16.025928,0
"255","greenje02",2020,"Jeff Green","33","2TM","C",15.9,91.16,68.09652,55.04,23.99744,8.944,2.978352,5.848,1.947384,0
"256","lopezro01",2020,"Robin Lopez","31","MIL","C",11.8,75.946,51.947064,104.949,51.005214,11.063,7.036068,2.093,2.093,0
"257","iwundwe01",2020,"Wes Iwundu","25","ORL","SF",14.3,55.92,35.95656,34.018,12.008354,27.028,9.000324,34.018,12.008354,0
"258","carteje01",2020,"Jevon Carter","24","PHO","PG",18.6,36.936,17.950896,19.926,3.9852,15.066,6.0264,25.029,11.01276,0
"259","baynear01",2020,"Aron Baynes","33","PHO","C",13.3,126.873,80.944974,65.151,37.070919,14.859,4.948047,6.096,1.018032,0
"260","arcidry01",2020,"Ryan Arcidiacono","25","CHI","PG",18.4,33,19.998,22,6.996,22,6.996,5.06,2.024,0
"261","grahatr01",2020,"Treveon Graham","26","2TM","SF",15.2,61.952,29.984768,51.062,20.016304,7.018,4.007278,1.936,0,0
"262","thomais02",2020,"Isaiah Thomas","30","WAS","PG",17.7,28.116,15.070176,66.882,19.997718,78.81,30.89352,63.048,30.010848,0
"263","niangge01",2020,"Georges Niang","26","UTA","PF",19.1,34.132,26.11098,43.148,19.071416,16.1,6.0375,3.864,0,0
"264","birchkh01",2020,"Khem Birch","27","ORL","C",4.5,68.068,48.056008,64.064,22.038016,9.009,1.999998,1.001,1.001,0
"265","kennalu01",2020,"Luke Kennard","23","DET","SG",18.2,43.092,31.069332,40.014,17.00595,37.962,12.983004,37.962,16.969014,0
"266","parkeja01",2020,"Jabari Parker","24","2TM","PF",9.7,187.902,136.980558,75.075,35.060025,24.882,8.95752,21.879,5.972967,0
"267","bembrde01",2020,"DeAndre' Bembry","25","ATL","SG",9.7,106.932,64.907724,46.968,20.008368,7.068,4.035828,2.052,0,0
"268","mccawpa01",2020,"Patrick McCaw","24","TOR","SF",13.7,51.03,28.01547,23.004,8.005392,10.044,4.0176,6.966,3.977586,0
"269","portemi01",2020,"Michael Porter Jr.","21","DEN","SF",13.6,129.071,93.060191,44.045,14.00631,21.831,6.942258,40.981,18.974203,0
"270","martico01",2020,"Cody Martin","24","CHO","SF",12,91.08,62.02548,20.907,4.975866,3.933,0,14.076,4.025736,0
"271","diallha01",2020,"Hamidou Diallo","21","OKC","SF",8.4,139.12,88.06296,66.008,15.973936,21.016,6.998328,13.024,5.01424,0
"272","jonesda03",2020,"Damian Jones","24","ATL","C",3.3,145.07,110.10813,19.046,8.018366,1.068,0,3.916,0.979,0
"273","spellom01",2020,"Omari Spellman","22","GSW","C",14.3,89.975,50.0261,33.04,10.01112,23.01,10.99878,38.94,12.96702,0
"274","belinma01",2020,"Marco Belinelli","33","SAS","SG",20.5,27.004,18.011668,15.072,3.0144,15.072,5.018976,79.128,30.06864,0
"275","bambamo01",2020,"Mo Bamba","21","ORL","C",12.4,116.116,79.074996,36.036,6.990984,8.866,3.936504,18.018,5.009004,0
"276","cartevi01",2020,"Vince Carter","43","ATL","PF",20.4,24.016,10.014672,24.928,13.95968,31.008,12.992352,21.888,8.952192,0
"277","tollian01",2020,"Anthony Tolliver","34","3TM","PF",22.4,20.02,8.008,10.92,3.97488,2.002,1.001,4.004,3.003,0
"278","mcgruro01",2020,"Rodney McGruder","28","LAC","SG",14.8,36.924,24.960624,41.992,18.014568,11.946,4.981482,1.086,0,0
"279","hezonma01",2020,"Mario Hezonja","24","POR","PF",13.1,71.94,35.97,35.97,18.99216,17.004,8.008884,15.042,5.008986,0
"280","naderab01",2020,"Abdel Nader","26","OKC","SF",14.8,67.065,48.01854,47.077,19.019108,12.887,5.953794,7.89,1.9725,0
"281","luwawti01",2020,"Timothé Luwawu-Cabarrot","24","BRK","SF",16.4,75.051,44.054937,22.058,6.021834,5.918,1.970694,5.918,2.959,0
"282","mudiaem01",2020,"Emmanuel Mudiay","23","UTA","PG",12.5,86.982,50.971452,58.86,25.95726,72.921,33.981186,20.928,9.961728,0
"283","dotsoda01",2020,"Damyean Dotson","25","NYK","SG",19.6,37.12,25.09312,15.95,3.9875,17.98,6.99422,55.97,24.96262,0
"284","wagnemo01",2020,"Moritz Wagner","22","WAS","C",9.6,130.074,101.067498,50.008,17.00272,3.99,1.995,2.128,0,0
"285","cartemi01",2020,"Michael Carter-Williams","28","ORL","SG",10.7,87.1,51.0406,72.02,31.04062,20.02,7.007,5.98,0,0
"286","hernaju01",2020,"Juancho Hernangómez","24","2TM","PF",14.8,86.944,49.9928,23.959,4.001153,4.94,1.976,1.976,0,0
"287","willike04",2020,"Kenrich Williams","25","NOP","PF",17.8,38.073,21.054369,7.056,3.027024,2.058,1.029,2.94,0.97902,0
"288","dellama01",2020,"Matthew Dellavedova","29","CLE","PG",16.6,23.975,12.99445,40.075,16.03,18.025,11.013275,1.925,0.9625,0
"289","dortlu01",2020,"Luguentz Dort","20","OKC","SF",13.2,81.096,49.06308,30.956,6.996056,5.014,0,0,NA,0
"290","bouchch01",2020,"Chris Boucher","27","TOR","C",11.8,139.932,86.897772,29.9,12.9467,5.083,1.0166,5.98,1.99134,0
"291","mahinia01",2020,"Ian Mahinmi","33","WAS","C",6.7,101.01,68.98983,73.92,25.94592,6.09,2.02797,2.94,1.96098,0
"292","miltosh01",2020,"Shake Milton","23","PHI","SG",15.7,60.94,40.95168,42.935,18.97727,29.916,12.953628,8.033,3.012375,0
"293","jacksfr01",2020,"Frank Jackson","21","NOP","PG",15,77.123,43.034634,52.96,19.96592,35.086,17.051796,21.846,6.947028,0
"294","mcraejo01",2020,"Jordan McRae","28","3TM","SG",16.4,71.004,44.02248,61.854,21.95817,54.168,18.037944,53.07,20.00739,0
"295","kaminfr01",2020,"Frank Kaminsky","26","PHO","C",13.4,89.951,53.9706,59.865,32.92575,19.955,6.98425,12.894,2.978514,0
"296","makerth01",2020,"Thon Maker","22","DET","C",12,64.076,47.031784,43.039,15.020611,11.001,5.005455,11.001,4.004364,0
"297","pattepa01",2020,"Patrick Patterson","30","LAC","PF",20.1,28.892,15.948384,14.912,6.963904,9.087,3.025971,7.922,1.9805,0
"298","dedmode01",2020,"Dewayne Dedmon","30","2TM","C",13.4,82.875,55.940625,39.015,12.991995,11.985,4.997745,14.025,6.016725,0
"299","brownst02",2020,"Sterling Brown","24","MIL","SF",16.4,58.112,33.065728,32,10.016,16.128,6.048,14.08,2.01344,0
"300","doumbse01",2020,"Sekou Doumbouya","19","DET","PF",12.9,76.936,41.93012,46.02,17.99382,7.08,2.02488,8.024,2.006,0
"301","bateske01",2020,"Keita Bates-Diop","24","2TM","SF",11.2,90.09,55.04499,29.952,8.9856,7.956,0.9945,3.042,1.012986,0
"302","jacksre01",2020,"Reggie Jackson","29","2TM","PG",15.6,57.05,32.00505,74.002,27.972756,32.926,10.964358,16.952,5.984056,0
"303","chandwi01",2020,"Wilson Chandler","32","BRK","PF",18.8,17.934,12.948348,30.012,15.996396,6.954,1.988844,6.954,5.959578,0
"304","okoboel01",2020,"Elie Okobo","22","PHO","PG",13.5,57.015,33.011685,22.987,5.999607,24.073,7.029316,5.973,0.997491,0
"305","allengr01",2020,"Grayson Allen","24","MEM","SG",16.9,37.901,26.947611,44.929,19.948476,26.104,13.052,1.004,0,0
"306","fernabr01",2020,"Bruno Fernando","21","ATL","C",7,115.022,82.010686,37.014,10.993158,7.96,4.975,1.99,0,0
"307","johnsty01",2020,"Tyler Johnson","27","2TM","SG",18.1,36,20.016,28,8.008,23,10.994,44,20.02,0
"308","bacondw01",2020,"Dwayne Bacon","24","CHO","SG",11.6,78.08,35.05792,58.072,20.03484,26.108,6.030948,14.884,4.956372,0
"309","kurucro01",2020,"Rodions Kurucs","21","BRK","PF",14.3,61.95,39.95775,21.948,5.991804,1.947,0,1.062,0,0
"310","bullore01",2020,"Reggie Bullock","28","NYK","SG",18,36.064,25.028416,15.904,2.989952,17.024,7.013888,43.904,17.956736,0
"311","netora01",2020,"Raul Neto","27","PHI","PG",13.8,67.932,43.952004,35.076,12.031068,21.978,5.999994,9.102,5.060712,0
"312","willizi01",2020,"Zion Williamson","19","NOP","PF",3.5,267.84,178.91712,65.88,21.93804,7.92,2.97,3.96,0,0
"313","gilesha01",2020,"Harry Giles","21","SAC","C",7.6,100.902,80.923404,65.009,23.988321,41.917,17.982393,40.913,15.95607,0
"314","bradlto01",2020,"Tony Bradley","22","UTA","C",2.9,144.018,107.005374,37.989,13.979952,3.024,2.017008,0.945,0,0
"315","irvinky01",2020,"Kyrie Irving","27","BRK","PG",14.6,79.04,53.03584,71.968,31.953792,81.12,41.04672,42.016,17.01648,0
"316","crabbal01",2020,"Allen Crabbe","27","2TM","SF",20.9,12.036,9.027,15.045,5.009985,16.992,7.000704,13.983,5.998707,0
"317","hoodro01",2020,"Rodney Hood","27","POR","SF",16.2,19.952,15.9616,28.036,8.018296,31.992,15.996,20.984,11.981864,0
"318","johnsja01",2020,"James Johnson","32","2TM","PF",13.5,79.98,57.02574,32.895,9.967185,9.03,2.00466,1.935,0.9675,0
"319","gaffoda01",2020,"Daniel Gafford","21","CHI","C",1.8,110.952,84.989232,21.976,8.988184,0.938,0,0,NA,0
"320","hensojo01",2020,"John Henson","29","2TM","C",7.3,79.002,62.01657,53.01,24.01353,1.026,1.026,2.052,0,0
"321","mckinal01",2020,"Alfonzo McKinnie","27","CLE","SF",12.2,62.073,43.078662,30.951,11.978037,7.011,4.003281,5.985,0,0
"322","alexani01",2020,"Nickeil Alexander-Walker","21","NOP","SG",15.9,64.904,33.944792,46.018,12.010698,14.098,3.016972,7.98,2.9925,0
"323","mclaujo01",2020,"Jordan McLaughlin","23","MIN","PG",13.4,64.97,41.97062,32.93,12.97442,3.026,3.026,1.068,0,0
"324","littlna01",2020,"Nassir Little","19","POR","PF",11.6,59.947,39.984649,25.066,10.0264,4.983,0.9966,1.963,0,0
"325","muscami01",2020,"Mike Muscala","28","OKC","C",20.9,26.082,17.057628,3.969,0.99225,13.041,2.008314,3.024,3.024,0
"326","labissk01",2020,"Skal Labissière","23","POR","C",8.3,54.978,37.000194,41.013,18.989019,26.019,16.001685,12.054,6.027,0
"327","clarkga01",2020,"Gary Clark","25","2TM","PF",21.7,13.965,10.97649,5.054,2.0216,1.995,0.9975,1.064,1.064,0
"328","kornelu01",2020,"Luke Kornet","24","CHI","C",16.1,54.043,40.045863,19.074,9.041076,3.927,1.9635,2.057,0,0
"329","ellinwa01",2020,"Wayne Ellington","32","NYK","SG",23.1,8.004,6.003,5.046,0,1.044,1.044,17.052,4.00722,0
"330","smithde03",2020,"Dennis Smith Jr.","22","NYK","PG",12.7,70.052,38.038236,27.008,5.995776,17.091,4.016385,43.044,8.006184,0
"331","danietr01",2020,"Troy Daniels","28","2TM","SG",22.1,10.044,7.0308,12.09,6.045,12.09,6.045,20.088,7.0308,0
"332","ferreyo01",2020,"Yogi Ferrell","26","SAC","PG",17.4,28.012,15.994852,9.964,1.9928,34.968,17.973552,35.908,18.959424,0
"333","oladivi01",2020,"Victor Oladipo","27","IND","SG",16.6,59.04,26.03664,17.958,9.984648,31.98,14.00724,32.964,13.976736,0
"334","hutchch01",2020,"Chandler Hutchison","23","CHI","SF",8,89.075,54.068525,40.075,12.0225,7,2.002,1.05,0,0
"335","burketr01",2020,"Trey Burke","27","2TM","PG",15.2,50.996,27.996804,22.99,8.00052,25.916,14.953532,34.067,11.037708,0
"336","griffbl01",2020,"Blake Griffin","30","DET","PF",13.8,69,38.985,53,18.974,9,1.998,8,1,0
"337","cookqu01",2020,"Quinn Cook","26","LAL","PG",15.7,41.088,25.06368,31.03,8.9987,19.046,12.037072,38.092,14.017856,0
"338","laymaja01",2020,"Jake Layman","25","MIN","SF",13.3,63.008,40.01008,25.06,7.0168,6.981,3.986151,11.993,5.9965,0
"339","batumni01",2020,"Nicolas Batum","31","CHO","SF",18.1,17.982,10.987002,0.972,0.972,5.994,1.996002,6.966,0,0
"340","martike03",2020,"Kelan Martin","24","MIN","SF",16.5,32.942,23.948834,28.96,11.98944,15.928,9.955,7.059,0,0
"341","reidna01",2020,"Naz Reid","20","MIN","C",12.2,92.097,55.074006,48.114,12.0285,6.075,1.014525,0,NA,0
"342","valende01",2020,"Denzel Valentine","26","CHI","SF",19.5,10.902,5.94159,36.024,15.994656,33.891,17.928339,18.96,10.97784,0
"343","musadz01",2020,"Džanan Musa","20","BRK","SF",13.5,61.92,33.93216,24.94,7.9808,7.052,3.025308,0,NA,0
"344","exumda01",2020,"Dante Exum","24","2TM","SG",10.5,44.982,28.968408,29.988,11.005596,0.952,0.952,0,NA,0
"345","gudurma01",2020,"Marko Gudurić","24","MEM","SG",16.4,37.994,22.98637,16.956,6.985872,5.024,1.0048,13.973,5.994417,0
"346","harrish01",2020,"Shaquille Harrison","26","CHI","SG",9.1,84.975,48.9456,28.05,8.0223,7.92,3.96,1.98,0,0
"347","diallch01",2020,"Cheick Diallo","23","PHO","C",5,87.046,67.02542,26.98,11.97912,14.058,8.027118,10.934,3.979976,0
"348","bitadgo01",2020,"Goga Bitadze","20","IND","C",13.4,40.05,31.03875,25.05,13.026,21,6.993,22.05,11.025,0
"349","sampsja02",2020,"JaKarr Sampson","26","IND","PF",6.6,66.01,51.02573,18.975,9.98085,11.96,2.99,4.945,1.978,0
"350","greenja02",2020,"Javonte Green","26","BOS","SG",9.2,58.968,38.977848,28.98,11.99772,4.032,2.016,1.008,1.008,0
"351","okafoja01",2020,"Jahlil Okafor","24","NOP","C",3.9,96.066,75.027546,56.052,23.037372,5.994,1.996002,0.972,0,0
"352","knighbr03",2020,"Brandon Knight","28","2TM","SG",22.2,11.022,4.012008,11.022,3.009006,13.026,7.007988,1.002,0,0
"353","bareajo01",2020,"J.J. Barea","35","DAL","PG",14.8,55.062,32.046084,31.05,9.0045,20.907,5.979402,14.904,5.9616,0
"354","sumneed01",2020,"Edmond Sumner","24","IND","SG",12.1,50.978,36.95905,28.968,7.995168,8.946,1.986012,0,NA,0
"355","thomama02",2020,"Matt Thomas","25","TOR","SG",21.1,9,3.996,7.95,2.98125,13.05,6.0291,21,12.999,0
"356","pasecan01",2020,"Anžejs Pasečņiks","24","WAS","C",5.7,54.984,40.96308,40.948,16.99342,11.948,1.995316,4.988,0.9976,0
"357","sefolth01",2020,"Thabo Sefolosha","35","HOU","PF",16.9,23.023,19.016998,6.006,1.003002,3.003,0.999999,5.005,1.001,0
"358","paytoga02",2020,"Gary Payton II","27","WAS","SF",11.7,49.996,31.99744,14.964,1.002588,3.944,0.986,1.044,1.044,0
"359","goodwbr01",2020,"Brandon Goodwin","24","ATL","PG",15.8,38.95,24.96695,34.96,12.97016,22.04,9.01436,7.03,3.01587,0
"360","marjabo01",2020,"Boban Marjanović","31","DAL","C",6.6,97.06,80.0745,67.098,26.034024,21.1,7.0263,9.073,4.028412,0
"361","iguodan01",2020,"Andre Iguodala","36","MIA","SF",16.4,22.968,16.973352,5.984,1.992672,5.984,0.999328,5.984,3.991328,0
"362","evansja02",2020,"Jacob Evans","22","2TM","SG",21.2,15.946,5.97975,13.936,2.982304,25.996,10.00846,38.994,12.985002,0
"363","doziepj01",2020,"PJ Dozier","23","DEN","SG",14.5,30.929,20.938933,30.929,7.979682,29.045,12.02463,16.956,6.985872,0
"364","chiozch01",2020,"Chris Chiozza","24","2TM","PG",16.2,33.04,16.0244,19.04,7.00672,9.94,3.976,6.02,1.00534,0
"365","williro04",2020,"Robert Williams","22","BOS","C",3,68.992,54.986624,11.968,4.990656,2.024,2.024,5.016,2.0064,0
"366","feliccr01",2020,"Cristiano Felício","27","CHI","C",3.5,36.018,27.0135,11.988,5.994,3.024,1.006992,1.026,0,0
"367","jacksjo02",2020,"Josh Jackson","22","MEM","SF",14.2,41.022,31.99716,33.072,11.012976,6.996,1.000428,6.042,3.021,0
"368","aminual01",2020,"Al-Farouq Aminu","29","ORL","PF",13.3,22.962,9.98847,20.984,3.98696,0,NA,6.02,2.00466,0
"369","vonleno01",2020,"Noah Vonleh","24","2TM","C",6.9,47.012,33.989676,28.98,14.98266,0,NA,1.012,0,0
"370","hernawi01",2020,"Willy Hernangómez","25","CHO","C",7.3,67.971,47.987526,37.947,16.962309,8.062,3.02325,3.058,1.018314,0
"371","langfro01",2020,"Romeo Langford","20","BOS","SG",11.5,27.04,15.03424,22,6.006,3.04,2.02768,1.04,0,0
"372","schofad01",2020,"Admiral Schofield","22","WAS","PF",18.6,13.984,7.984864,10.028,4.0112,4.968,2.9808,2.024,1.012,0
"373","pinsoth01",2020,"Theo Pinson","24","BRK","SG",15.9,53.94,25.94514,13.95,1.99485,4.96,0,2.015,2.015,0
"374","dudleja01",2020,"Jared Dudley","34","LAL","PF",19.5,10.02,3.006,4.02,2.01,0,NA,4.02,1.005,0
"375","wilsodj01",2020,"D.J. Wilson","23","MIL","PF",16.7,29.964,22.982388,13.992,4.995144,6.996,2.000856,8.052,4.026,0
"376","mannte01",2020,"Terance Mann","23","LAC","SF",10,28.993,20.00517,18.012,7.006668,10.033,3.0099,1.975,0,0
"377","burtode02",2020,"Deonte Burton","26","OKC","SF",14.6,44,27.016,17,3.995,3,0,8,2,0
"378","fraziti01",2020,"Tim Frazier","29","DET","PG",15.2,14.006,7.997426,20.022,7.0077,9.964,2.9892,20.022,6.0066,0
"379","winslju01",2020,"Justise Winslow","23","MIA","SG",10.4,33.024,20.012544,47.988,16.987752,10.965,4.989075,10.062,2.0124,0
"380","edwarca01",2020,"Carsen Edwards","21","BOS","SG",19.4,18.048,7.020672,8.96,0,8.064,2.016,17.024,9.005696,0
"381","silvach01",2020,"Chris Silva","23","MIA","PF",4,52.962,39.98631,15.99,5.00487,3.978,1.989,2.028,1.014,0
"382","leeco01",2020,"Courtney Lee","34","DAL","SG",17.3,14.022,10.011708,10.988,5.98846,1.968,0,8.036,3.0135,0
"383","baglema01",2020,"Marvin Bagley III","20","SAC","C",8.2,71.977,49.016337,48.931,14.972886,10.02,2.004,14.028,8.009988,0
"384","porteot01",2020,"Otto Porter Jr.","26","CHI","SF",16.2,22.96,8.97736,27.02,19.02208,12.04,4.00932,15.96,5.985,0
"385","jeromty01",2020,"Ty Jerome","22","PHO","SG",16.1,15.029,8.010457,25.99,8.00492,16.95,5.98335,4.972,1.9888,0
"386","martica02",2020,"Caleb Martin","24","CHO","SF",14.4,33.012,13.997088,5.04,1.008,0,NA,8.988,1.995336,0
"387","oquinky01",2020,"Kyle O'Quinn","29","PHI","C",12.8,31.96,20.96576,6.035,4.025345,10.03,4.012,10.03,6.018,0
"388","davised01",2020,"Ed Davis","30","UTA","C",3.2,28.014,17.004498,17.02,3.9997,0,NA,1.012,1.012,0
"389","johnske04",2020,"Keldon Johnson","20","SAS","SF",10.1,38.003,27.020133,16.999,8.006529,7.031,2.010866,4.984,2.9904,0
"390","mcdanja01",2020,"Jalen McDaniels","22","CHO","SF",11.6,24.99,14.994,14.98,5.992,4.97,1.988,0.98,0.98,0
"391","clemoch01",2020,"Chris Clemons","22","HOU","SG",21.5,24.992,14.9952,2.982,1.988994,3.976,1.988,2.982,0.993006,0
"392","trieral01",2020,"Allonzo Trier","24","NYK","SG",17.5,22.048,15.036736,6.042,1.009014,9.01,6.00967,16.006,10.00375,0
"393","colliza01",2020,"Zach Collins","22","POR","PF",9.8,29.988,18.982404,14.008,4.006288,2.992,0.996336,1.972,0.986,0
"394","carrode01",2020,"DeMarre Carroll","33","2TM","C",15.2,15.972,8.992236,11.022,4.012008,6.006,4.006002,0,NA,0
"395","swanica01",2020,"Caleb Swanigan","22","2TM","PF",5.9,28.999,20.995276,8.977,3.985788,4.982,1.9928,2.021,1.0105,0
"396","bendedr01",2020,"Dragan Bender","22","2TM","C",13.1,25.024,17.01632,24.012,9.0045,0,NA,0,NA,0
"397","kiddgmi01",2020,"Michael Kidd-Gilchrist","26","2TM","PF",12.2,13.992,6.996,21.978,7.999992,2.97,0.98901,6.996,1.000428,0
"398","eubandr01",2020,"Drew Eubanks","22","SAS","C",5.2,32.026,24.0195,27.001,15.012556,4.02,2.01,3.015,1.003995,0
"399","toscaju01",2020,"Juan Toscano-Anderson","26","GSW","SG",11.6,25.011,18.00792,11.97,2.9925,1.008,0,2.016,0,0
"400","nwabada01",2020,"David Nwaba","27","BRK","SF",11.5,28.968,18.97404,12.993,6.002766,0.994,0,0,NA,0
"401","harteis01",2020,"Isaiah Hartenstein","21","HOU","C",4.2,47.972,37.993824,11.993,5.001081,2.01,1.005,0,NA,0
"402","looneke01",2020,"Kevon Looney","23","GSW","C",9.8,30.02,21.014,19.987,3.9974,4.977,1.9908,10.033,1.0033,0
"403","belljo01",2020,"Jordan Bell","25","2TM","C",11.4,42.009,27.011787,7.973,3.9865,3.015,0,2.01,0,0
"404","nurkiju01",2020,"Jusuf Nurkić","25","POR","C",6.3,53.955,36.959175,33.027,13.012638,7.957,0.994625,4.033,1.00825,0
"405","turneev01",2020,"Evan Turner","31","ATL","SG",10.4,20.033,11.01815,9.983,4.9915,22.981,5.998041,8.978,2.989674,0
"406","waltode01",2020,"Derrick Walton","24","2TM","PG",22.4,3.003,2.003001,0,NA,6.006,3.003,6.006,3.003,0
"407","cabocbr01",2020,"Bruno Caboclo","24","2TM","C",12.3,38.003,25.005974,12.994,5.00269,0,NA,4.984,1.9936,0
"408","shumpim01",2020,"Iman Shumpert","29","BRK","SF",18.5,9.984,5.9904,1.984,0.992,4.992,1.9968,14.016,4.008576,0
"409","gabriwe01",2020,"Wenyen Gabriel","22","2TM","PF",12.4,20.016,14.0112,7.008,0,1.008,1.008,0,NA,0
"410","jamesju01",2020,"Justin James","23","SAC","SF",14.1,18.984,13.991208,15.96,4.99548,9.996,4.998,9.996,1.9992,0
"411","pelleno01",2020,"Norvel Pelle","26","PHI","C",2.7,39.024,22.009536,7.008,3.006432,1.008,0,0,NA,0
"412","mathega01",2020,"Garrison Mathews","23","WAS","SG",23.7,1.008,1.008,3.024,1.006992,3.024,1.006992,3.024,2.017008,0
"413","leaftj01",2020,"T.J. Leaf","22","IND","PF",8.6,43,24.983,17.974,4.996772,6.02,1.00534,1.032,0,0
"414","zizican01",2020,"Ante Žižić","23","CLE","C",4.1,37.008,23.018976,25.992,12.008304,7.992,5.994,1.008,0,0
"415","chandty01",2020,"Tyson Chandler","37","HOU","C",1.4,18,14.004,0,NA,0,NA,0,NA,0
"416","waitedi01",2020,"Dion Waiters","28","2TM","SG",16.9,29.007,16.998102,7.029,2.010294,3.96,2.97,11.979,3.989007,0
"417","muldemy01",2020,"Mychal Mulder","25","GSW","SF",21.2,6.03,4.02201,6.03,4.02201,1.005,0,2.01,2.01,0
"418","claxtni01",2020,"Nic Claxton","20","BRK","C",6.3,25.008,20.0064,14.016,5.003712,1.008,1.008,1.008,0,0
"419","payneca01",2020,"Cameron Payne","25","PHO","SG",16,12.988,6.987544,8.976,4.990656,9.996,3.9984,7.004,2.003144,0
"420","konchjo01",2020,"John Konchar","23","MEM","SG",8.5,20.017,15.01275,4.995,2.997,1.998,0.999,0,NA,0
"421","broekry01",2020,"Ryan Broekhoff","29","DAL","SF",22.5,4.012,1.003,2.006,1.003,2.006,0,0,NA,0
"422","willijo04",2020,"Johnathan Williams","24","WAS","PF",8.7,14.008,12.004856,9.01,5.00956,4.012,0,4.998,1.9992,0
"423","millema01",2020,"Malcolm Miller","26","TOR","SF",20,2.987,1.992329,2.987,0.994671,0,NA,0.986,0.986,0
"424","tuckera01",2020,"Rayjon Tucker","22","UTA","SG",14.1,8.987,6.991886,8.987,4.996772,7.009,4.002139,0.989,0.989,0
"425","milescj01",2020,"C.J. Miles","32","WAS","SF",18,9.971,4.9855,9.027,2.003994,1.003,0,4.012,1.003,0
"426","wallaty01",2020,"Tyrone Wallace","25","ATL","SG",11.9,19.008,11.005632,5.984,0.999328,2.992,0.996336,1.012,0,0
"427","coffeam01",2020,"Amir Coffey","22","LAC","SG",12.7,17.01,10.00188,7.992,1.998,7.02,4.00842,3.024,1.006992,0
"428","nowelja01",2020,"Jaylen Nowell","20","MIN","SG",14.4,14.999,8.9994,9.01,5.00956,2.014,1.007,1.007,1.007,0
"429","johnsst04",2020,"Stanley Johnson","23","TOR","PF",14.2,17.995,10.994945,9.971,2.9913,3.009,0,4.012,1.003,0
"430","frazimi01",2020,"Michael Frazier","25","HOU","SG",20.3,4.988,2.9928,0.986,0,0,NA,0,NA,0
"431","jeffrda01",2020,"DaQuan Jeffries","22","SAC","SG",14.2,10,9,9,5.004,1,1,2,0,0
"432","smailal01",2020,"Alen Smailagić","19","GSW","C",11.4,13,10.998,10,5,3,0,1,1,0
"433","curryst01",2020,"Stephen Curry","31","GSW","PG",19.8,16.974,11.983644,5.002,2.0008,0.984,0.984,10.004,6.0024,0
"434","brissos01",2020,"Oshae Brissett","21","TOR","SF",11.7,14.004,9.998856,6.012,0,1.008,0,0,NA,0
"435","morgaju01",2020,"Juwan Morgan","22","UTA","PF",8.8,17.004,11.001588,0.988,0.988,0,NA,0,NA,0
"436","halldo01",2020,"Donta Hall","22","2TM","PF",2.4,17.996,12.993112,2.992,1.995664,0.99,0,0,NA,0
"437","poirivi01",2020,"Vincent Poirier","26","BOS","C",8,15.984,8.998992,7.992,3.996,5.004,0,5.004,3.0024,0
"438","antetth01",2020,"Thanasis Antetokounmpo","27","MIL","SF",8.1,32.016,21.002496,3.024,1.006992,3.024,2.017008,0,NA,0
"439","frazime01",2020,"Melvin Frazier","23","ORL","SG",15.6,7.004,5.000856,4.012,0,4.012,1.003,2.992,0.996336,0
"440","watertr01",2020,"Tremont Waters","22","BOS","PG",16.8,7.007,5.002998,9.016,2.001552,5.978,0.998326,2.989,1.993663,0
"441","johnsal02",2020,"Alize Johnson","23","IND","PF",9.5,12.992,7.99008,6.003,1.002501,2.001,0,0,NA,0
"442","masonfr01",2020,"Frank Mason III","25","MIL","PG",14.2,14.025,9.018075,9.996,3.9984,1.989,1.989,3.978,1.989,0
"443","allenka01",2020,"Kadeem Allen","27","NYK","PG",15.1,6.996,3.994716,8.008,3.003,9.988,5.9928,2.992,0.996336,0
"444","mokokad01",2020,"Adam Mokoka","21","CHI","SF",14.2,12.012,6.006,0,NA,0,NA,1.008,0,0
"445","onimi01",2020,"Miye Oni","22","UTA","SF",17.2,6.016,3.008,4,1,2.016,0,0.992,0.992,0
"446","anderju01",2020,"Justin Anderson","26","BRK","SG",20.3,8.018,3.00675,0.988,0.988,0,NA,0,NA,0
"447","metuch01",2020,"Chimezie Metu","22","SAS","C",9,17.01,13.01265,9.996,4.998,3.99,1.995,8.988,3.990672,0
"448","watanyu01",2020,"Yuta Watanabe","25","MEM","SF",10.9,12.002,6.997166,5.984,2.992,4.998,0.9996,2.992,0.996336,0
"449","hoardja01",2020,"Jaylen Hoard","20","POR","PF",5.6,20,15,4.992,0,3.008,0,0.992,0,0
"450","martije02",2020,"Jeremiah Martin","23","BRK","PG",12.8,18.02,13.01044,9.01,4.00044,4.982,1.9928,3.021,0,0
"451","thomala01",2020,"Lance Thomas","31","BRK","PF",18.7,2.001,1.0005,2.001,1.0005,2.99,0,2.99,1.99433,0
"452","brantja01",2020,"Jarrell Brantley","23","UTA","PF",13.6,8.008,6.006,5.992,1.000664,1.008,0,0,NA,0
"453","bolbo01",2020,"Bol Bol","20","DEN","PF",12.1,8.988,6.992664,4.004,2.002,5.012,1.0024,1.008,0,0
"454","roberan03",2020,"Andre Roberson","28","OKC","SF",14.6,10.991,5.000905,2.987,0,0.986,0,0,NA,0
"455","watsopa01",2020,"Paul Watson","25","2TM","SF",15.1,8.008,6.006,4.004,0,0.988,0,0.988,0,0
"456","johnsbj01",2020,"B.J. Johnson","24","ORL","SF",14.2,7.008,4.001568,4,0,4,1,8,1,0
"457","vincega01",2020,"Gabe Vincent","23","MIA","PG",21.1,2.997,0.998001,2.997,0.998001,3.996,0,0,NA,0
"458","hallde01",2020,"Devon Hall","24","OKC","PG",17.7,3.99,1.995,5.01,0,3,0,0.99,0,0
"459","hortota01",2020,"Talen Horton-Tucker","19","LAL","SG",13.1,9,7.002,6.99,2.99871,0.99,0,0,NA,0
"460","grantje02",2020,"Jerian Grant","27","WAS","SG",12.5,6.993,3.993003,6.993,1.999998,2.997,0.998001,1.998,0.999,0
"461","smithjr01",2020,"J.R. Smith","34","LAL","SG",17.7,0.99,0.99,4.994,1.9976,2.992,2.992,2.002,0,0
"462","weathqu01",2020,"Quinndary Weatherspoon","23","SAS","SG",13.7,6.001,1.998333,2.992,1.995664,1.003,0,2.006,0,0
"463","jeffeam01",2020,"Amile Jefferson","26","ORL","PF",6.1,4.004,1.001,7,3.003,2.002,1.001,0.994,0,0
"464","wadede01",2020,"Dean Wade","23","CLE","PF",8.5,7.995,5.99625,1.001,1.001,0,NA,0,NA,0
"465","kabenmf01",2020,"Mfiondu Kabengele","22","LAC","C",18,6.016,5.011328,4,0,2.016,0,0,NA,0
"466","kinglo02",2020,"Louis King","20","DET","SF",16.4,3.003,0.999999,3.99,2.9925,3.003,0,0,NA,0
"467","lawvi01",2020,"Vic Law","24","ORL","PF",19,1.998,0,3.006,2.005002,1.998,1.998,3.996,0.999,0
"468","thomakh01",2020,"Khyri Thomas","23","DET","SG",22.7,0,NA,1.003,0,1.003,0,1.003,0,0
"469","parsoch01",2020,"Chandler Parsons","31","ATL","PF",22.3,1.008,0,1.998,0.999,0,NA,1.008,0,0
"470","cookty01",2020,"Tyler Cook","22","2TM","PF",2.3,9.996,5.9976,0.996,0.996,0.996,0.996,0,NA,0
"471","bonejo01",2020,"Jordan Bone","22","DET","PG",17.8,1,1,3,0,5,2,1,0,0
"472","brazdig01",2020,"Ignas Brazdeikis","21","NYK","SF",15.7,6.006,5.002998,2.992,0,0.99,0,2.992,0,0
"473","uthofja01",2020,"Jarrod Uthoff","26","2TM","PF",18.1,1.998,0.999,1.998,0,1.998,1.998,3.006,1.000998,0
"474","herveke01",2020,"Kevin Hervey","23","OKC","PF",22.2,1.998,1.998,0.999,0,0.999,0,2.997,1.998999,0
"475","cheatzy01",2020,"Zylan Cheatham","24","NOP","PF",5.7,6.003,6.003,0.999,0,0.999,0,0,NA,0
"476","willini01",2020,"Nigel Williams-Goss","25","UTA","PG",15.5,0,NA,7.008,3.006432,1.008,0,1.008,0,0
"477","noahjo01",2020,"Joakim Noah","34","LAC","C",2.5,4,2,4,2,0,NA,0,NA,0
"478","robinju01",2020,"Justin Robinson","22","WAS","PG",20.4,0,NA,0.996,0.996,0,NA,6,1.002,0
"479","samanlu01",2020,"Luka Šamanić","20","SAS","PF",16.4,3.008,1.001664,3.008,0,1.008,0,1.008,1.008,0
"480","mitrona01",2020,"Naz Mitrou-Long","26","IND","SG",21.9,1.003,1.003,1.003,0,2.992,2.992,0,NA,0
"481","boldejo01",2020,"Jonah Bolden","24","2TM","C",9.4,6.996,3.994716,0,NA,0,NA,0,NA,0
"482","clevean01",2020,"Antonius Cleveland","25","DAL","SG",9.6,6.006,1.999998,2.996,1.998332,0.994,0,0.994,0,0
"483","vandeja01",2020,"Jarred Vanderbilt","20","2TM","PF",12.4,7,4.998,0,NA,0,NA,0,NA,0
"484","cancavl01",2020,"Vlatko Čančar","22","DEN","PF",12.9,6,4.002,1.995,0.9975,0,NA,1.005,0,0
"485","wrighju02",2020,"Justin Wright-Foreman","22","UTA","PG",17.2,2,1,4,2,3,0.999,1,1,0
"486","hasleud01",2020,"Udonis Haslem","39","MIA","C",10.4,4.004,1.001,3.003,2.003001,0,NA,1.001,0,0
"487","pargoje01",2020,"Jeremy Pargo","33","GSW","PG",14,6.006,5.002998,2.992,0,2.992,1.995664,2.992,0.996336,0
"488","motlejo01",2020,"Johnathan Motley","24","LAC","PF",3.8,10.995,9.994455,3,0,0,NA,0,NA,0
"489","norveza01",2020,"Zach Norvell","22","2TM","SG",21.8,0,NA,0.996,0,0.996,0,2.004,0,0
"490","brownch02",2020,"Charlie Brown Jr.","22","ATL","SG",14.3,4.997,0.9994,4.009,2.0045,1.007,0,0,NA,0
"491","randlch01",2020,"Chasson Randle","26","GSW","PG",19.8,0,NA,0,NA,1,0,1,0,0
"492","magetjo01",2020,"Josh Magette","30","ORL","PG",15,1.005,1.005,4.005,2.0025,3,0.999,3,0,0
"493","thornsi01",2020,"Sindarius Thornwell","25","NOP","SF",13.6,4.004,3.003,3.003,0.999999,0,NA,0,NA,0
"494","brownmo01",2020,"Moses Brown","20","POR","C",2,8,3,2,1,0,NA,0,NA,0
"495","fallta01",2020,"Tacko Fall","24","BOS","C",2.7,9.002,8.002778,4.998,2.9988,0,NA,0,NA,0
"496","breweco01",2020,"Corey Brewer","33","SAC","PF",7.5,2,2,1,0,0,NA,0,NA,0
"497","chealjo01",2020,"Joe Chealey","24","CHO","PG",16.7,0,NA,3.003,0,0,NA,0,NA,0
"498","smithzh01",2020,"Zhaire Smith","20","PHI","SF",10.3,5.995,2.9975,0,NA,1.001,0,1.001,0,0
"499","lecquja01",2020,"Jalen Lecque","19","PHO","SG",13.4,4,3,0,NA,1,1,1,0,0
"500","bowenbr02",2020,"Brian Bowen","21","IND","SF",9.9,4,1,2,2,1,0,1,0,0
"501","hernade01",2020,"Dewan Hernandez","23","TOR","C",5.9,9.002,1.998444,2.996,1.998332,0,NA,0,NA,0
"502","reavejo02",2020,"Josh Reaves","22","DAL","SF",8.4,5.004,3.0024,0,NA,1.998,0,0,NA,0
"503","shayoma01",2020,"Marial Shayok","24","PHI","SG",19.3,0.996,0,0.996,0.996,0.996,0,3,0,0
"504","okpalkz01",2020,"KZ Okpala","20","MIA","PF",7.5,2,2,2,1,0,NA,0,NA,0
"505","mbahalu01",2020,"Luc Mbah a Moute","33","HOU","PF",12.2,3,2.001,0,NA,0,NA,0,NA,0
"506","pattoju01",2020,"Justin Patton","22","OKC","C",13.5,2,1,3,2.001,0,NA,1,0,0
"507","grayjo01",2020,"Josh Gray","26","NOP","PG",1.7,2,1,0,NA,0,NA,0,NA,0
"508","antetko01",2020,"Kostas Antetokounmpo","22","LAL","PF",1.5,3,3,0,NA,0,NA,0,NA,0
"509","moonema01",2020,"Matt Mooney","23","CLE","SG",18.8,0,NA,0,NA,1,1,1,0,0
"510","mikaer01",2020,"Eric Mika","25","SAC","C",5.6,2.001,1.0005,0,NA,0.999,0.999,0,NA,0
"511","ellenhe01",2020,"Henry Ellenson","23","BRK","C",16,2.002,1.001,1.001,0,0,NA,0,NA,0
"512","kiddst01",2020,"Stanton Kidd","27","UTA","SG",11.6,0,NA,2.001,0,0,NA,0,NA,0
"513","owensta01",2020,"Tariq Owens","24","PHO","PF",14.5,1,1,1,0,0,NA,1,0,0
"514","maconda01",2020,"Daryl Macon","24","MIA","PG",22.5,0,NA,0,NA,0,NA,0.999,0,0
"515","anderry01",2020,"Ryan Anderson","31","HOU","C",21.5,1.001,0,0,NA,1.001,1.001,0,NA,0
"516","alexaky01",2020,"Kyle Alexander","23","MIA","C",1.5,2,1,0,NA,0,NA,0,NA,0
"517","hannadu01",2020,"Dusty Hannahs","26","MEM","SG",14.4,0.999,0.999,3.996,0.999,0,NA,0.999,0,0
"518","howarwi01",2020,"William Howard","26","HOU","PF",25.3,0,NA,0,NA,0,NA,0,NA,0
"519","pondssh01",2020,"Shamorie Ponds","21","TOR","PG",11.4,3,2.001,0,NA,0,NA,0,NA,0
"520","robyis01",2020,"Isaiah Roby","21","OKC","PF",3.9,0,NA,1,0,0,NA,0,NA,0
"521","guyky01",2020,"Kyle Guy","22","SAC","SG",19.9,1,1,0,NA,0,NA,1,1,0
"522","cacokde01",2020,"Devontae Cacok","23","LAL","C",3.9,1.998,0,4.002,3.0015,0,NA,0,NA,0
"523","harpeja01",2020,"Jared Harper","22","PHO","PG",16.2,0,NA,2,1,0,NA,0,NA,0
"524","strusma01",2020,"Max Strus","23","CHI","SF",9,2.001,2.001,0,NA,0,NA,0,NA,0
"525","crawfja01",2020,"Jamal Crawford","39","BRK","SG",24,0,NA,0,NA,0,NA,2,1,0
"526","zellety01",2020,"Tyler Zeller","30","SAS","C",3,2,0,2,1,0,NA,0,NA,0
"527","newmama01",2020,"Malik Newman","22","CLE","SG",22,0,NA,0,NA,0,NA,1,0,0
"528","boldema01",2020,"Marques Bolden","21","CLE","C",NA,NA,NA,NA,NA,NA,NA,NA,NA,0
"529","macurjp01",2020,"J.P. Macura","24","CLE","SG",NA,NA,NA,NA,NA,NA,NA,NA,NA,0
"530","butleji01",2020,"Jimmy Butler","30","MIA","SF",9.9,89.09,55.05762,84.96,38.99664,53.985,24.995055,23.895,9.964215,1
"531","davisan02",2020,"Anthony Davis","26","LAL","PF",11.7,101.956,84.011744,67.133,36.050421,62.825,24.941525,67.133,37.057416,1
"532","jamesle01",2020,"LeBron James","35","LAL","PG",12.2,150.126,118.149162,58.828,29.884624,19.1,13.0644,35.144,9.032008,1
"533","murraja01",2020,"Jamal Murray","22","DEN","PG",16.1,75.072,54.05184,40.848,15.93072,58.144,28.083552,57.04,26.01024,1
"534","herroty01",2020,"Tyler Herro","20","MIA","SG",17,40.996,22.014852,32.963,12.987422,42.935,19.964775,32.132,17.062092,1
"535","jokicni01",2020,"Nikola Jokić","24","DEN","C",14,62.083,44.07893,71.001,36.991521,66.885,35.917245,44.933,18.961726,1
"536","tatumja01",2020,"Jayson Tatum","21","BOS","PF",15,73.146,43.082994,54.108,21.048012,54.108,28.082052,27.054,6.005988,1
"537","adebaba01",2020,"Bam Adebayo","22","MIA","PF",6.6,93.94,64.91254,67.1,34.0197,40.04,17.017,18.04,8.00976,1
"538","brownja02",2020,"Jaylen Brown","23","BOS","SG",14.1,80.928,58.915584,40.032,13.0104,23.904,7.960032,23.04,14.03136,1
"539","crowdja01",2020,"Jae Crowder","29","MIA","PF",21.4,23.919,21.933723,6.03,1.00701,4.02,3.015,6.03,0,1
"540","grantje01",2020,"Jerami Grant","25","DEN","PF",16.6,40.075,28.0525,18.025,5.01095,9.975,1.995,12.075,5.035275,1
"541","smartma01",2020,"Marcus Smart","25","BOS","SG",18.9,21.978,15.978006,23.958,10.972764,22.968,7.992864,5.94,1.97802,1
"542","walkeke02",2020,"Kemba Walker","29","BOS","PG",18.6,35.072,23.042304,18.944,8.979456,30.976,18.988288,45.056,23.023616,1
"543","caldwke01",2020,"Kentavious Caldwell-Pope","26","LAL","SG",18.3,30.996,20.984292,13.041,5.020785,10.962,2.992626,14.931,4.972023,1
"544","robindu01",2020,"Duncan Robinson","25","MIA","SG",23.6,10.032,9.0288,4.928,1.9712,1.936,0,2.992,1.995664,1
"545","dragigo01",2020,"Goran Dragić","33","MIA","PG",15,51.992,37.018304,46.096,21.065872,49.044,19.029072,13.936,4.975152,1
"546","greenda02",2020,"Danny Green","32","LAL","SG",18.8,21.93,9.97815,17,4.998,7.99,3.995,7.99,0.99875,1
"547","leonaka01",2020,"Kawhi Leonard","28","LAC","SF",13.7,53.064,36.030456,49.044,24.03156,57.888,33.922368,35.108,13.025068,1
"548","carusal01",2020,"Alex Caruso","25","LAL","PG",15.3,41.019,30.025908,8.023,1.002875,2.034,0,1.017,0,1
"549","kuzmaky01",2020,"Kyle Kuzma","24","LAL","PF",15.2,49.046,33.007958,18.974,6.982432,18.079,5.025962,10.024,6.0144,1
"550","theisda01",2020,"Daniel Theis","27","BOS","C",8.9,62.01,45.01926,14.04,6.02316,10.998,5.99391,3.978,0,1
"551","georgpa01",2020,"Paul George","29","LAC","SF",17.2,32.045,21.02152,26.078,9.022988,34.034,13.000988,17.901,7.948044,1
"552","millspa01",2020,"Paul Millsap","34","DEN","PF",13.1,31.034,15.020456,27.022,10.997954,12.036,5.019012,4.012,1.003,1
"553","portemi01",2020,"Michael Porter Jr.","21","DEN","SF",16.7,39.032,31.03044,17.056,6.020768,6.068,2.020644,12.956,4.98806,1
"554","hardeja01",2020,"James Harden","30","HOU","SG",15.9,48.108,38.101536,52.896,29.939136,8.892,1.974024,0.912,0,1
"555","vanvlfr01",2020,"Fred VanVleet","25","TOR","SG",18.4,45.03,25.03668,15.96,1.995,3.99,0,15.01,6.004,1
"556","siakapa01",2020,"Pascal Siakam","25","TOR","PF",12.9,36.036,25.008984,52.962,22.985508,26.026,8.016008,14.014,6.012006,1
"557","tuckepj01",2020,"P.J. Tucker","34","HOU","PF",18.6,11.968,7.982656,7.04,1.00672,2.024,1.012,0,NA,1
"558","lowryky01",2020,"Kyle Lowry","33","TOR","PG",16.4,44.992,23.980736,10.064,4.0256,9.028,7.023784,11.988,3.992004,1
"559","iguodan01",2020,"Andre Iguodala","36","MIA","SF",19.3,13,9.997,5.005,2.002,5.005,3.003,2.99,0.99567,1
"560","gordoer01",2020,"Eric Gordon","31","HOU","SF",15.8,48.048,31.039008,30.976,10.005248,5.984,1.992672,1.056,0,1
"561","morrimo01",2020,"Monte Morris","24","DEN","PG",14.3,32.984,22.000328,15.029,10.024343,19.95,9.975,25.004,12.00192,1
"562","rondora01",2020,"Rajon Rondo","33","LAL","PG",13.8,34.969,16.994934,21.054,11.032296,6.05,2.01465,8.954,4.978424,1
"563","anunoog01",2020,"OG Anunoby","22","TOR","SF",12.9,36.96,16.96464,7.04,3.02016,2.024,2.024,0.968,0.968,1
"564","morrima03",2020,"Marcus Morris","30","LAC","PF",19,6.993,4.993002,8.991,5.996997,15.984,8.998992,19.98,7.992,1
"565","morrima02",2020,"Markieff Morris","30","LAL","PF",19,14.994,10.000998,9.996,3.9984,1.96,0.98,1.96,0,1
"566","harriga01",2020,"Gary Harris","25","DEN","SG",17.2,14.04,7.02,10.98,2.99754,7.02,4.00842,6.03,1.00701,1
"567","covinro01",2020,"Robert Covington","29","HOU","C",19,15.96,9.975,9.025,3.005325,1.045,0,1.045,0,1
"568","craigto01",2020,"Torrey Craig","29","DEN","SF",14.6,25.038,18.02736,9.984,3.9936,1.014,0,0,NA,1
"569","middlkh01",2020,"Khris Middleton","28","MIL","SF",18,7.92,3.96,23.04,4.99968,37.98,19.97748,46.08,19.03104,1
"570","willilo02",2020,"Lou Williams","33","LAC","PG",14.2,28.032,16.006272,28.032,15.025152,31.974,16.978194,7.008,2.004288,1
"571","greenje02",2020,"Jeff Green","33","HOU","C",14.6,26.986,19.996626,18.952,5.988832,2.987,1.992329,0,NA,1
"572","lopezbr01",2020,"Brook Lopez","31","MIL","C",14.4,23.028,19.021128,25.992,14.997384,9.006,6.007002,2.964,0,1
"573","zubaciv01",2020,"Ivica Zubac","22","LAC","C",2.2,60.996,37.024572,14.976,6.993792,2.028,0,0,NA,1
"574","howardw01",2020,"Dwight Howard","34","LAL","C",3.2,42.009,29.994426,12.027,7.011741,1.026,1.026,0,NA,1
"575","houseda01",2020,"Danuel House Jr.","26","HOU","SF",16.7,23.97,14.98125,5.015,2.006,1.02,0,2.04,1.02,1
"576","gilgesh01",2020,"Shai Gilgeous-Alexander","21","OKC","SG",15,18.99,9.00126,19.98,8.991,10.98,4.9959,5.04,2.016,1
"577","antetgi01",2020,"Giannis Antetokounmpo","25","MIL","PF",9.3,80.983,57.983828,28.98,13.99734,5.957,1.983681,4.991,2.9946,1
"578","wanambr01",2020,"Brad Wanamaker","30","BOS","PG",15.3,10.98,8.98164,13.02,6.01524,6,1.998,3,0,1
"579","powelno01",2020,"Norman Powell","26","TOR","SG",15.6,29.952,21.954816,14.04,4.01544,3.952,1.976,3.952,0.988,1
"580","goberru01",2020,"Rudy Gobert","27","UTA","C",2.2,58.016,45.020416,15.984,3.004992,0,NA,0,NA,1
"581","hillge01",2020,"George Hill","33","MIL","PG",13.8,19.028,15.013092,12.998,5.00423,3.015,0,4.02,2.01,1
"582","bledser01",2020,"Eric Bledsoe","30","MIL","PG",13.6,19.992,11.9952,23.03,10.01805,10.976,3.995264,11.956,3.981348,1
"583","mitchdo01",2020,"Donovan Mitchell","23","UTA","SG",15,35.953,27.971434,26.062,8.027096,16.014,11.017632,15.072,3.0144,1
"584","westbru01",2020,"Russell Westbrook","31","HOU","PG",11.2,47.04,28.03584,28,11.004,14,4.998,18.06,7.02534,1
"585","paulch01",2020,"Chris Paul","34","OKC","PG",17.3,10.976,8.978368,18.032,9.016,16.016,8.008,23.968,12.990656,1
"586","olynyke01",2020,"Kelly Olynyk","28","MIA","C",15.8,20.995,17.00595,20.045,11.02475,1.995,0,3.04,0,1
"587","ibakase01",2020,"Serge Ibaka","30","TOR","C",15.3,25.96,17.96432,15.95,10.9736,11.99,6.99017,11,4.004,1
"588","onealro01",2020,"Royce O'Neale","26","UTA","SF",18.3,4.992,1.9968,4.992,0.9984,0,NA,0,NA,1
"589","matthwe02",2020,"Wesley Matthews","33","MIL","SG",20.9,5.985,2.9925,5.016,3.0096,1.995,0.9975,1.026,0,1
"590","harremo01",2020,"Montrezl Harrell","26","LAC","C",5.7,54.038,36.043346,18.04,8.00976,5.002,2.0008,0,NA,1
"591","shamela01",2020,"Landry Shamet","22","LAC","SG",19.2,9.971,6.9797,4.012,1.003,1.003,1.003,2.006,0,1
"592","nunnke01",2020,"Kendrick Nunn","24","MIA","PG",16.5,14.996,11.9968,13.984,3.999424,12.972,3.995376,6.992,3.992432,1
"593","inglejo01",2020,"Joe Ingles","32","UTA","PF",19.9,7.992,4.995,5.994,2.997,0,NA,0,NA,1
"594","gasolma01",2020,"Marc Gasol","35","TOR","C",15.5,16,10,8,4,6.016,2.003328,6.976,3.983296,1
"595","schrode01",2020,"Dennis Schröder","26","OKC","PG",15,22.018,14.003448,23.98,9.99966,10.028,5.014,7.957,1.98925,1
"596","greenja01",2020,"JaMychal Green","29","LAC","PF",12,21.01,15.00114,10.01,5.005,0,NA,0.99,0.99,1
"597","doncilu01",2020,"Luka Dončić","20","DAL","PG",14.1,24.96,17.9712,36.992,22.01024,17.024,5.005056,4.992,2.9952,1
"598","gallida01",2020,"Danilo Gallinari","31","OKC","PF",18.3,13.983,4.991931,3.002,2.002334,7.979,4.986875,16.985,7.999935,1
"599","riverau01",2020,"Austin Rivers","27","HOU","SG",15.9,12.993,6.002766,10.98,3.99672,2.013,0,0,NA,1
"600","adamsst01",2020,"Steven Adams","26","OKC","C",2.9,38.012,27.026532,13,4.004,0,NA,0,NA,1
"601","plumlma01",2020,"Mason Plumlee","29","DEN","C",2.3,32.994,19.004544,4.992,0,0,NA,0,NA,1
"602","hardati02",2020,"Tim Hardaway Jr.","27","DAL","SG",18.3,11.97,6.97851,11.02,4.01128,9.025,5.0179,9.025,5.0179,1
"603","klebima01",2020,"Maxi Kleber","28","DAL","PF",18.1,9.009,7.009002,3.003,0.999999,0,NA,1.014,0,1
"604","clarkjo01",2020,"Jordan Clarkson","27","UTA","SG",15.8,12.998,8.994616,25.996,14.999692,9.021,4.005324,0,NA,1
"605","mccolcj01",2020,"CJ McCollum","28","POR","SG",14.9,17.028,10.012464,17.028,9.007812,20.988,7.996428,9.009,3.999996,1
"606","finnedo01",2020,"Dorian Finney-Smith","26","DAL","PF",15.8,14.976,9.988992,4.004,1.001,3.016,1.004328,0,NA,1
"607","vucevni01",2020,"Nikola Vučević","29","ORL","C",16.7,14.985,12.991995,17.982,7.984008,9.99,5.994,23.976,10.981008,1
"608","willima02",2020,"Marvin Williams","33","MIL","PF",16.5,7.003,3.998713,7.99,2.99625,4.982,0.9964,3.995,2.99625,1
"609","anthoca01",2020,"Carmelo Anthony","35","POR","PF",16.7,7.004,3.999284,5.032,2.0128,15.028,5.004324,22.032,9.011088,1
"610","dortlu01",2020,"Luguentz Dort","20","OKC","SF",17.4,19,11.001,6.004,3.002,0,NA,0.988,0,1
"611","curryse01",2020,"Seth Curry","29","DAL","SG",16.6,4.982,4.982,8.003,3.001125,10.017,7.0119,9.01,6.00967,1
"612","connapa01",2020,"Pat Connaughton","27","MIL","SG",18,8.015,7.013125,3.99,0,0,NA,0,NA,1
"613","fournev01",2020,"Evan Fournier","27","ORL","SF",19.9,5.016,1.0032,3.99,1.995,9.006,1.999332,3.99,2.9925,1
"614","willigr01",2020,"Grant Williams","21","BOS","PF",16.8,6.006,4.006002,2.002,1.001,0.988,0,0,NA,1
"615","jacksre01",2020,"Reggie Jackson","29","LAC","PG",19.8,2.016,0,4.992,0.9984,6,1.002,3.024,2.017008,1
"616","beverpa01",2020,"Patrick Beverley","31","LAC","PG",16.6,9.009,8.009001,4.992,2.9952,3.003,0.999999,0,NA,1
"617","divindo01",2020,"Donte DiVincenzo","23","MIL","SG",12.9,19.023,13.011732,6.987,2.997423,1.989,0,1.989,0,1
"618","conlemi01",2020,"Mike Conley","32","UTA","PG",18,4.992,2.9952,11.008,4.006912,11.008,4.006912,3.008,2.006336,1
"619","nurkiju01",2020,"Jusuf Nurkić","25","POR","C",8.5,25.992,19.000152,16.017,3.011196,3.021,0,1.026,0,1
"620","brogdma01",2020,"Malcolm Brogdon","27","IND","PG",14.5,21.97,9.99635,7.02,2.00772,2.99,1.99433,8.97,2.98701,1
"621","haywago01",2020,"Gordon Hayward","29","BOS","SF",17.2,8,5,3,2.001,10,4,5,2,1
"622","burketr01",2020,"Trey Burke","27","DAL","PG",13.8,12.98,7.9827,9.027,4.007988,7.021,3.012009,12.98,6.98324,1
"623","warretj01",2020,"T.J. Warren","26","IND","SF",14.3,9.996,6.9972,15.98,9.9875,15.028,6.0112,8.024,2.006,1
"624","trentga02",2020,"Gary Trent Jr.","21","POR","SF",18.5,5.985,1.993005,3.015,1.003995,5.985,2.9925,5.985,0,1
"625","williro04",2020,"Robert Williams","22","BOS","C",3.6,24.986,20.98824,3.007,1.001331,0,NA,2.015,1.0075,1
"626","harrito02",2020,"Tobias Harris","27","PHI","PF",11.8,13.98,6.99,15,4.005,13.02,9.00984,3,0.999,1
"627","fultzma01",2020,"Markelle Fultz","21","ORL","PG",14.2,12,6,7.02,3.01158,13.98,4.99086,10.98,3.99672,1
"628","turnemy01",2020,"Myles Turner","23","IND","C",11.3,17.996,14.000888,5.984,1.992672,2.992,1.995664,2.992,0.996336,1
"629","embiijo01",2020,"Joel Embiid","25","PHI","C",13.6,15.022,10.019674,11.988,4.998996,17.02,8.01642,13.986,6.993,1
"630","clarkga01",2020,"Gary Clark","25","ORL","SF",24.6,0,NA,0.99,0,0,NA,0,NA,1
"631","richajo01",2020,"Josh Richardson","26","PHI","SG",17.5,5.992,3.996664,10.976,2.996448,5.992,1.995336,4.984,0.9968,1
"632","lillada01",2020,"Damian Lillard","29","POR","PG",18.2,14.976,8.9856,3.008,1.001664,4.032,1.008,9.024,2.003328,1
"633","leverca01",2020,"Caris LeVert","25","BRK","SG",14.2,7.008,4.001568,18.98,8.99652,21.973,3.999086,4.015,1.00375,1
"634","templga01",2020,"Garrett Temple","33","BRK","SG",20.1,4.998,4.998,2.009,0,4.998,2.9988,0.98,0,1
"635","mcgeeja01",2020,"JaVale McGee","32","LAL","C",4,22.016,17.018368,7.008,3.006432,0.992,0,0,NA,1
"636","rosste01",2020,"Terrence Ross","28","ORL","SG",18.6,4.992,4.992,4.032,3.024,12.992,6.989696,12.032,5.017344,1
"637","allenja01",2020,"Jarrett Allen","21","BRK","C",4.4,15,9,4.008,1.002,4.008,3.006,1.008,1.008,1
"638","holidju01",2020,"Justin Holiday","30","IND","SF",21.5,1.995,0.9975,0,NA,1.995,0,1.008,1.008,1
"639","luwawti01",2020,"Timothé Luwawu-Cabarrot","24","BRK","SF",19.3,8.024,6.018,5.015,1.003,6.018,0,1.003,0,1
"640","mclembe01",2020,"Ben McLemore","26","HOU","SF",22.5,2,0,2,1,0,NA,0,NA,1
"641","horfoal01",2020,"Al Horford","33","PHI","C",8.5,8,6,10,4,2,1,1,1,1
"642","augusdj01",2020,"D.J. Augustin","32","ORL","PG",15.3,9.982,4.991,5.014,0,8.004,3.0015,5.98,1.99134,1
"643","bazleda01",2020,"Darius Bazley","19","OKC","PF",19.6,4.991,1.9964,3.007,0,0,NA,0.992,0,1
"644","miltosh01",2020,"Shake Milton","23","PHI","SG",18.6,5.016,5.016,4.004,2.002,6.996,2.000856,2.992,1.995664,1
"645","doziepj01",2020,"PJ Dozier","23","DEN","SG",12.2,6.996,3.001284,9.009,3.999996,5.016,3.0096,3.993,1.9965,1
"646","oladivi01",2020,"Victor Oladipo","27","IND","SG",18.3,10.976,5.98192,3.976,1.988,3.024,2.017008,4.984,0,1
"647","ojelese01",2020,"Semi Ojeleye","25","BOS","PF",20.8,4.004,2.002,1.008,0,0,NA,0,NA,1
"648","korveky01",2020,"Kyle Korver","38","MIL","SF",23.5,0.987,0,0.987,0,0.987,0.987,7.003,3.998713,1
"649","ennisja01",2020,"James Ennis III","29","ORL","SG",16.1,8.995,3.99378,3.99,0.9975,3.99,2.9925,1.995,0,1
"650","niangge01",2020,"Georges Niang","26","UTA","PF",18.6,2.992,1.995664,6.996,3.994716,5.016,4.0128,0,NA,1
"651","whiteha01",2020,"Hassan Whiteside","30","POR","C",6.1,12,9,7.008,2.004288,1.992,0.996,1.992,0,1
"652","kanteen01",2020,"Enes Freedom","27","BOS","C",4.9,23.982,13.981506,12.012,5.009004,2.016,0,2.982,1.988994,1
"653","jonesde02",2020,"Derrick Jones Jr.","22","MIA","SF",14.9,4.998,2.9988,2.992,0.996336,0,NA,0,NA,1
"654","noelne01",2020,"Nerlens Noel","25","OKC","C",8.5,10.999,6.995364,1.003,1.003,3.995,0,0,NA,1
"655","burksal01",2020,"Alec Burks","28","PHI","SG",14.8,9.016,4.003104,9.016,4.003104,7.987,2.995125,7.007,2.004002,1
"656","porzikr01",2020,"Kristaps Porziņģis","24","DAL","C",17.1,7,5.999,3,0,7,2.002,6,4.002,1
"657","johnsty01",2020,"Tyler Johnson","27","BRK","SG",20.6,1.012,0,4.002,2.001,5.98,2.99,6.992,4.992288,1
"658","birchkh01",2020,"Khem Birch","27","ORL","C",5.3,6.006,4.006002,4.004,1.001,4.004,2.002,0,NA,1
"659","morgaju01",2020,"Juwan Morgan","22","UTA","PF",19.9,2.004,1.002,0,NA,0,NA,0,NA,1
"660","thomama02",2020,"Matt Thomas","25","TOR","SG",21.2,1.008,1.008,1.008,1.008,1.995,1.995,4.998,3.9984,1
"661","daviste02",2020,"Terence Davis","22","TOR","SG",17.7,4.988,3.9904,4.988,1.9952,0,NA,0,NA,1
"662","marjabo01",2020,"Boban Marjanović","31","DAL","C",6.2,14.01,10.00314,6.99,3.99129,6.99,2.99871,0.99,0,1
"663","simonan01",2020,"Anfernee Simons","20","POR","SG",17.7,4.992,0,2.002,0,0.988,0.988,4.004,1.001,1
"664","iwundwe01",2020,"Wes Iwundu","25","ORL","SF",13.3,6,1.002,2,0,3,0.999,2,0,1
"665","smithjr01",2020,"J.R. Smith","34","LAL","SG",22.1,0.988,0.988,0.988,0,2.002,0,0,NA,1
"666","thybuma01",2020,"Matisse Thybulle","22","PHI","SG",17.2,2.002,2.002,0,NA,1.001,0,0,NA,1
"667","holidaa01",2020,"Aaron Holiday","23","IND","PG",14.3,3.99,3.99,6.006,3.003,1.008,1.008,1.008,0,1
"668","harrijo01",2020,"Joe Harris","28","BRK","SF",16.9,2.99,2.99,2.99,0,4.002,2.001,0.989,0,1
"669","hezonma01",2020,"Mario Hezonja","24","POR","PF",13.6,6.006,1.003002,4.004,4.004,2.002,2.002,2.992,0,1
"670","chiozch01",2020,"Chris Chiozza","24","BRK","PG",24,1.992,1.992,1.008,0,1.992,0,3,0.999,1
"671","kurucro01",2020,"Rodions Kurucs","21","BRK","PF",14,8,7,2,2,0,NA,2,2,1
"672","kiddgmi01",2020,"Michael Kidd-Gilchrist","26","DAL","PF",17.5,0.994,0.994,2.996,0.997668,0.994,0,0,NA,1
"673","mcderdo01",2020,"Doug McDermott","28","IND","PF",18.2,1.995,0.9975,3,0.999,0,NA,0,NA,1
"674","gabriwe01",2020,"Wenyen Gabriel","22","POR","PF",11.6,6,4.002,1.995,0.9975,1.005,1.005,1.005,1.005,1
"675","wrighde01",2020,"Delon Wright","27","DAL","PG",7.9,4,4,4,1,0,NA,0,NA,1
"676","sampsja02",2020,"JaKarr Sampson","26","IND","PF",10.5,5.008,4.0064,3.008,1.001664,2,1,6,4.002,1
"677","bradlto01",2020,"Tony Bradley","22","UTA","C",2.6,6.003,1.002501,2.997,0.998001,0,NA,0,NA,1
"678","langfro01",2020,"Romeo Langford","20","BOS","SG",11,2,2,4,0,2,1,0,NA,1
"679","bouchch01",2020,"Chris Boucher","27","TOR","C",13.4,5.005,0,0,NA,1.001,1.001,0,NA,1
"680","hillso01",2020,"Solomon Hill","28","MIA","PF",19.6,1.998,1.998,0,NA,0.999,0.999,0,NA,1
"681","fergute01",2020,"Terrance Ferguson","21","OKC","SF",22.5,1.001,0,0,NA,0,NA,0,NA,1
"682","hoardja01",2020,"Jaylen Hoard","20","POR","PF",3.1,9,6.003,2.004,0,0,NA,0.996,0.996,1
"683","sumneed01",2020,"Edmond Sumner","24","IND","SG",13.7,1.001,1.001,2.002,1.001,1.001,0,0,NA,1
"684","korkmfu01",2020,"Furkan Korkmaz","22","PHI","SG",24,0,NA,0,NA,1.001,0,0,NA,1
"685","holliro01",2020,"Rondae Hollis-Jefferson","25","TOR","PF",5.5,6,4.002,2,0,1,0,0,NA,1
"686","musadz01",2020,"Džanan Musa","20","BRK","SF",16.4,3.003,0.999999,1.001,1.001,1.001,0,0,NA,1
"687","waitedi01",2020,"Dion Waiters","28","LAL","SG",19.4,0.996,0,0,NA,0.996,0,6,4.002,1
"688","mudiaem01",2020,"Emmanuel Mudiay","23","UTA","PG",9.6,4.998,1.9992,4.998,0.9996,0.994,0,0,NA,1
"689","dudleja01",2020,"Jared Dudley","34","LAL","PF",25.3,0,NA,0,NA,0,NA,1,0,1
"690","leoname01",2020,"Meyers Leonard","27","MIA","C",15.1,2,1,2,2,0,NA,0,NA,1
"691","danietr01",2020,"Troy Daniels","28","DEN","SG",17.9,2.004,1.002,2.004,0,0,NA,2.004,2.004,1
"692","anderju01",2020,"Justin Anderson","26","BRK","SG",23.5,0.996,0,0,NA,0,NA,0,NA,1
"693","mccontj01",2020,"T.J. McConnell","27","IND","PG",10.6,0,NA,3,0,5,3,0,NA,1
"694","mannte01",2020,"Terance Mann","23","LAC","SF",18.2,1,1,1,0,1,1,0,NA,1
"695","martije02",2020,"Jeremiah Martin","23","BRK","PG",15.3,2.002,0,2.996,0.997668,2.002,0,2.002,0,1
"696","netora01",2020,"Raul Neto","27","PHI","PG",17.2,0.999,0.999,1.998,0,0,NA,0.999,0,1
"697","diallha01",2020,"Hamidou Diallo","21","OKC","SF",13.5,3.003,2.003001,2.002,1.001,1.001,0,0,NA,1
"698","naderab01",2020,"Abdel Nader","26","OKC","SF",21.1,0,NA,1.001,0,1.001,0,0,NA,1
"699","cookqu01",2020,"Quinn Cook","26","LAL","PG",15.2,3,2.001,1,1,1,0,1,0,1
"700","bateske01",2020,"Keita Bates-Diop","24","DEN","SF",3.2,4,1,0,NA,1,0,0,NA,1
"701","ilyaser01",2020,"Ersan İlyasova","32","MIL","PF",19.3,0.999,0.999,0,NA,1.998,0.999,0.999,0,1
"702","bolbo01",2020,"Bol Bol","20","DEN","PF",17.1,0.999,0.999,0.999,0,2.997,1.998999,0.999,0,1
"703","adamsja01",2020,"Jaylen Adams","23","POR","PG",13.1,2.997,2.997,1.998,0,0,NA,0,NA,1
"704","lopezro01",2020,"Robin Lopez","31","MIL","C",6.6,1,1,2,2,1,0,0,NA,1
"705","scottmi01",2020,"Mike Scott","31","PHI","PF",16.3,1,1,1,0,0,NA,1,0,1
"706","halldo01",2020,"Donta Hall","22","BRK","C",6,2,1,2,1,1,1,0,NA,1
"707","johnsst04",2020,"Stanley Johnson","23","TOR","PF",15,3.003,3.003,2.002,0,1.001,0,0,NA,1
"708","muscami01",2020,"Mike Muscala","28","OKC","C",13.4,0,NA,1,0,0,NA,0,NA,1
"709","thomala01",2020,"Lance Thomas","31","BRK","PF",20.5,0,NA,0,NA,0,NA,3,0.999,1
"710","hortota01",2020,"Talen Horton-Tucker","19","LAL","SG",12.6,5.004,3.0024,0,NA,2.004,1.002,0,NA,1
"711","mcgruro01",2020,"Rodney McGruder","28","LAC","SG",17.3,0,NA,2,1,0,NA,0,NA,1
"712","jacksju01",2020,"Justin Jackson","24","DAL","PF",16.2,1.002,1.002,1.002,0,0,NA,1.002,0,1
"713","onimi01",2020,"Miye Oni","22","UTA","SF",17,1.002,1.002,1.002,1.002,0,NA,0,NA,1
"714","brantja01",2020,"Jarrell Brantley","23","UTA","PF",16,2,0,0,NA,0,NA,0,NA,1
"715","frazimi01",2020,"Michael Frazier","25","HOU","SG",12.5,2,0,0,NA,0,NA,0,NA,1
"716","tuckera01",2020,"Rayjon Tucker","22","UTA","SG",22,0,NA,0,NA,1,1,1,0,1
"717","pattepa01",2020,"Patrick Patterson","30","LAC","PF",23.7,0,NA,0,NA,0,NA,0,NA,1
"718","clevean01",2020,"Antonius Cleveland","25","DAL","SG",4.9,2,2,2,0,1,0,0,NA,1
"719","reavejo02",2020,"Josh Reaves","22","DAL","SF",13.8,0.999,0.999,0,NA,0.999,0,0,NA,1
"720","watsopa01",2020,"Paul Watson","25","TOR","SF",2.8,1,1,1,0,0,NA,0,NA,1
"721","clemoch01",2020,"Chris Clemons","22","HOU","SG",26.9,0,NA,0,NA,0,NA,0,NA,1
"722","coffeam01",2020,"Amir Coffey","22","LAC","SG",15.9,0,NA,0,NA,2.001,0,0,NA,1
"723","cabocbr01",2020,"Bruno Caboclo","24","HOU","C",12.7,1,1,0,NA,0,NA,0,NA,1
"724","pelleno01",2020,"Norvel Pelle","26","PHI","C",NA,NA,NA,NA,NA,NA,NA,NA,NA,1
"725","carrode01",2020,"DeMarre Carroll","33","HOU","C",9.6,0,NA,1,1,1,0,0,NA,1
"726","greenja02",2020,"Javonte Green","26","BOS","SG",27.2,0,NA,0,NA,0,NA,0,NA,1
"727","oquinky01",2020,"Kyle O'Quinn","29","PHI","C",NA,NA,NA,NA,NA,NA,NA,NA,NA,1
"728","bareajo01",2020,"J.J. Barea","35","DAL","PG",13.2,0,NA,0,NA,1,0,0,NA,1
"729","millema01",2020,"Malcolm Miller","26","TOR","SF",17.4,0,NA,0.999,0,0,NA,0.999,0,1
"730","brownst02",2020,"Sterling Brown","24","MIL","SF",23.7,0,NA,0,NA,0,NA,0,NA,1
"731","cookty01",2020,"Tyler Cook","22","DEN","SF",NA,NA,NA,NA,NA,NA,NA,NA,NA,1
"732","johnsbj01",2020,"B.J. Johnson","24","ORL","SF",21.9,0,NA,0,NA,0,NA,1,0,1
"733","lawvi01",2020,"Vic Law","24","ORL","PF",23.3,0,NA,0,NA,0,NA,0,NA,1
"734","fallta01",2020,"Tacko Fall","24","BOS","C",10.1,0,NA,0,NA,1,1,0,NA,1
"735","edwarca01",2020,"Carsen Edwards","21","BOS","SG",NA,NA,NA,NA,NA,NA,NA,NA,NA,1
"736","roberan03",2020,"Andre Roberson","28","OKC","SF",25.3,0,NA,0,NA,0,NA,0,NA,1
"737","vonleno01",2020,"Noah Vonleh","24","DEN","C",7.5,0,NA,1,0,0,NA,0,NA,1
"738","masonfr01",2020,"Frank Mason III","25","MIL","PG",NA,NA,NA,NA,NA,NA,NA,NA,NA,1
"739","noahjo01",2020,"Joakim Noah","34","LAC","C",NA,NA,NA,NA,NA,NA,NA,NA,NA,1
"740","burtode02",2020,"Deonte Burton","26","OKC","SF",NA,NA,NA,NA,NA,NA,NA,NA,NA,1
"741","poirivi01",2020,"Vincent Poirier","26","BOS","C",NA,NA,NA,NA,NA,NA,NA,NA,NA,1
"742","watertr01",2020,"Tremont Waters","22","BOS","PG",24.2,0,NA,0,NA,0,NA,0,NA,1
"743","willini01",2020,"Nigel Williams-Goss","25","UTA","PG",NA,NA,NA,NA,NA,NA,NA,NA,NA,1
"744","chandty01",2020,"Tyson Chandler","37","HOU","C",NA,NA,NA,NA,NA,NA,NA,NA,NA,1
"745","johnsal02",2020,"Alize Johnson","23","IND","PF",NA,NA,NA,NA,NA,NA,NA,NA,NA,1
"746","vincega01",2020,"Gabe Vincent","23","MIA","PG",NA,NA,NA,NA,NA,NA,NA,NA,NA,1
